price,processor_type,ssd_capacity,ram_system_memory,graphics_card,capacity
13716.9,Intel Core i5,512 GB,16 GB,AMD Radeon RX 550,512 GB
13678.0,Intel Core i5,512 GB,16 GB,Nvidia Geforce GT 740,Yok
12857.74,Intel Core i5,512 GB,16 GB,AMD Radeon RX 580,512 GB
20799.0,Intel Core i5,256 GB,32 GB,AMD Radeon RX 580,256 GB
12834.62,Intel Core i5,512 GB,16 GB,AMD Radeon RX 550,512 GB
13184.0,,256 GB,,,1 TB
6213.0,Intel Core i5,,16 GB,Intel HD Graphics,256 GB
8909.01,Intel Core i5,256 GB,16 GB,Intel HD Graphics,500 GB
16499.0,Intel Core i5,256 GB,16 GB,Nvidia GeForce GTX 1650,500 GB
6390.0,Intel Core i5,,,Intel HD Graphics,256 GB
12299.0,Intel Core i5,,16 GB,Nvidia Geforce GT 740,256 GB
5999.99,Intel Core i5,256 GB,16 GB,Dahili Ekran Kartı,256 GB
14899.0,Intel Core i5,256 GB,16 GB,AMD Radeon RX 580,500 GB
25639.0,Intel Core i5,512 GB,32 GB,Nvidia GeForce RTX 3050,512 GB
7277.0,Intel Core i7,256 GB,16 GB,Nvidia Geforce GT 740,256 GB
9799.0,,,,,
16865.0,Intel Core i5,256 GB,16 GB,AMD Radeon RX 560,500 GB
10499.0,Intel Core i5,512 GB,16 GB,Nvidia Geforce GT 740,512 GB
3999.0,Intel Core i5,256 GB,16 GB,Dahili Ekran Kartı,256 GB
12299.0,Intel Core i5,256 GB,16 GB,Nvidia GeForce GT 730,256 GB
8909.01,Intel Core i7,256 GB,8 GB,AMD Radeon R7 240,Yok
22543.34,AMD,512 GB,16 GB,Nvidia GeForce RTX 3050,512 GB
13621.02,Intel Core i5,240 GB,16 GB,AMD Radeon RX 550,1 TB
12399.0,Intel Core i7,256 GB,16 GB,Nvidia Geforce GT 740,500 GB
6499.0,Intel Core i7,256 GB,16 GB,Intel HD Graphics,256 GB
2649.0,Intel Core i3,,,Intel HD Graphics,8 GB
14649.0,Intel Core i5,,,AMD Radeon RX 550,1 TB
3849.0,Intel Core i5,256 GB,8 GB,Dahili Ekran Kartı,Yok
19999.0,AMD Ryzen 5,1 TB,16 GB,AMD Radeon RX 550,1 TB
8349.0,Intel Core i5,,,Nvidia GeForce GT 730,1 TB
9799.0,Intel Core i5,256 GB,16 GB,AMD Radeon RX 580,256 GB
7599.0,Intel Core i5,,,Dahili Ekran Kartı,500 GB
4999.0,Intel Core i3,128 GB,8 GB,Dahili Ekran Kartı,128 GB
14549.0,Intel Core i7,256 GB,16 GB,Nvidia Geforce GT 740,500 GB
8699.0,Intel Core i5,256 GB,16 GB,Nvidia Geforce GT 740,256 GB
6599.99,Intel Core i5,256 GB,16 GB,Dahili Ekran Kartı,256 GB
8599.0,Intel Core i5,256 GB,16 GB,AMD Radeon R7 240,256 GB
8499.0,Intel Core i5,,,Intel HD Graphics,500 GB
7599.0,Intel Core i5,256 GB,16 GB,AMD Radeon R7 240,256 GB
10020.0,Intel Core i5,240 GB,16 GB,Nvidia GeForce GT 730,500 GB
22699.0,AMD Ryzen 5,1 TB,16 GB,Nvidia GeForce GTX 1650,500 GB
3499.0,Intel Core i3,128 GB,16 GB,Dahili Ekran Kartı,128 GB
7999.0,Intel Core i5,256 GB,16 GB,Dahili Ekran Kartı,256 GB
9199.0,Intel Core i5,SSD Yok,16 GB,Intel HD Graphics,Yok
3799.0,Intel Core i5,256 GB,16 GB,Intel Iris Graphics,256 GB
14669.0,Intel Core i5,256 GB,16 GB,AMD Radeon RX 580,256 GB
7299.0,Intel Core i5,256 GB,8 GB,Intel HD Graphics,Yok
11749.0,Intel Core i7,,,Nvidia GeForce GT 730,500 GB
17499.0,Intel Core i5,1 TB,32 GB,AMD Radeon R5 230,Yok
19345.0,Intel Core i3,,,Nvidia GeForce RTX 3050,Yok
7130.0,Intel Core i3,256 GB,16 GB,Dahili Ekran Kartı,256 GB
7157.0,Intel Core i5,,,Intel HD Graphics,Yok
2899.0,Intel Core i3,128 GB,8 GB,Intel HD Graphics,128 GB
57999.0,AMD Ryzen 9,1 TB,32 GB,Nvidia GeForce RTX 3050,1 TB
23699.0,Intel Core i5,,,Nvidia GeForce GTX 1650,1 TB
25739.01,M2,,,Dahili Ekran Kartı,Yok
4396.0,Intel Core i5,256 GB,16 GB,Intel UHD Graphics 600,256 GB
4549.0,Intel Core i5,,,Dahili Ekran Kartı,500 GB
23499.0,AMD Ryzen 5,1 TB,16 GB,Nvidia GeForce GTX 1660 SUPER,1 TB
7699.0,Intel Core i5,256 GB,16 GB,Dahili Ekran Kartı,256 GB
89122.48,AMD Ryzen 5,1 TB,32 GB,Nvidia GeForce RTX 4070Ti SUPER,1 TB
44999.0,Apple M1,,,Dahili Ekran Kartı,Yok
7199.0,Intel Core i5,256 GB,8 GB,Dahili Ekran Kartı,Yok
24099.0,AMD Ryzen 5,500 GB,16 GB,Nvidia GeForce RTX3060,500 GB
11689.0,Intel Core i5,256 GB,16 GB,AMD Radeon R7 240,256 GB
15999.0,Intel Core i5,256 GB,8 GB,Intel HD Graphics,256 GB
33493.07,Intel Core i5,512 GB,16 GB,Nvidia GeForce RTX 4060Ti,Belirtilmemiş
7749.0,Intel Core i5,,,Dahili Ekran Kartı,Yok
23076.06,Intel Core i5,512 GB,32 GB,Nvidia GeForce RTX 3050,512 GB
15730.0,Intel Core i5,,,Nvidia GeForce GTX1050 Ti,320 GB
9699.0,Intel Core i7,256 GB,16 GB,Nvidia Geforce GT 740,256 GB
8919.0,Intel Core i5,512 GB,16 GB,AMD Radeon RX 550,512 GB
4899.0,Intel Pentium,,,Dahili Ekran Kartı,Yok
67581.82,AMD Ryzen 7,1 TB,32 GB,Nvidia GeForce RTX 4060Ti,1 TB
53700.07,AMD Ryzen 5,1 TB,32 GB,Nvidia GeForce RTX 4070,1 TB
15749.0,AMD Ryzen 5,,,Nvidia GeForce GTX1050 Ti,500 GB
6389.15,Intel Core i7,512 GB,16 GB,Intel HD Graphics,Yok
9475.0,Intel Core i5,512 GB,16 GB,Intel HD Graphics,512 GB
8875.0,Intel Core i5,1 TB,16 GB,Intel HD Graphics,Yok
25565.96,Intel Core i5,512 GB,16 GB,Nvidia GeForce GTX 1660 SUPER,512 GB
19439.0,AMD Ryzen 5,240 GB,8 GB,AMD Radeon RX 550,Yok
11149.0,Intel Core i5,,,Nvidia GeForce GT 730,500 GB
9199.0,Intel Core i5,,,AMD Radeon RX 550,500 GB
8749.0,Intel Core i7,,,Nvidia GeForce GT 730,500 GB
108707.03,Intel Core i7,1 TB,32 GB,Dahili Ekran Kartı,Yok
7366.86,Intel Core i5,,,AMD Radeon RX 550,256 GB
9370.0,Intel Core i5,1 TB,16 GB,Intel HD Graphics,1 TB
8691.0,Intel Core i7,,,Intel HD Graphics,256 GB
43001.54,AMD Ryzen 5,,,Nvidia GeForce RTX 4060Ti,1 TB
5899.0,Intel Core i3,,,Intel HD Graphics,256 GB
26999.95,Intel Core i5,512 GB,16 GB,Intel UHD Graphics 730,Yok
7699.0,Intel Core i5,,,Dahili Ekran Kartı,500 GB
4588.0,Intel Core i5,512 GB,16 GB,Dahili Ekran Kartı,Yok
60928.15,Intel Core i5,1 TB,32 GB,Nvidia GeForce RTX 4070,1 TB
22299.0,AMD,512 GB,8 GB,AMD CPU Entegre Grafik,512 GB
119999.99,Intel Xeon,1 TB,128 GB,Dahili Ekran Kartı,1 TB
59399.01,,,,,Yok
7499.0,Intel Core i5,,,Nvidia Geforce GT 740,Yok
11999.0,Intel Core i5,240 GB,16 GB,AMD Radeon R5 230,500 GB
15648.0,Intel Core i5,512 GB,8 GB,Intel HD Graphics,512 GB
15199.0,Intel Core i5,512 GB,16 GB,AMD Radeon RX 580,512 GB
22499.0,Intel Core i5,,,Dahili Ekran Kartı,512 GB
5999.0,Intel Core i5,256 GB,8 GB,Dahili Ekran Kartı,256 GB
10029.0,Intel Core i5,,,Intel HD Graphics,1 TB
11294.0,Intel Core i7,256 GB,16 GB,Intel HD Graphics,256 GB
17614.5,Intel Core i5,512 GB,16 GB,Nvidia Geforce GT 710,512 GB
7128.0,Intel Core i5,,,Intel HD Graphics,256 GB
5889.56,Intel Core i3,,,Intel HD Graphics,256 GB
14780.81,Intel Core i7,512 GB,16 GB,AMD Radeon RX 550,512 GB
5702.0,Intel Core i7,256 GB,16 GB,Intel HD Graphics,256 GB
8642.0,Intel Core i5,512 GB,16 GB,Intel HD Graphics,512 GB
55471.19,Intel Core i7,1 TB,16 GB,Nvidia GeForce RTX 4060Ti,1 TB
7146.74,Intel Core i5,,,Intel HD Graphics,Yok
10751.0,Intel Core i7,,,Intel HD Graphics,1 TB
19104.0,Intel Core i5,1 TB,16 GB,Intel HD Graphics,1 TB
8464.0,Intel Core i5,1 TB,8 GB,Intel HD Graphics,1 TB
8499.0,Intel Core i5,512 GB,8 GB,Intel HD Graphics,512 GB
11281.0,Intel Core i5,,,Intel HD Graphics,1 TB
91372.28,AMD Ryzen 7,1 TB,32 GB,Nvidia GeForce RTX 4070Ti,1 TB
26999.0,Intel Core i7,1 TB,16 GB,Intel HD Graphics,1 TB
8074.0,Intel Core i5,,,Intel HD Graphics,512 GB
34315.83,Intel Core i3,4 TB,48 GB,Dahili Ekran Kartı,Yok
10552.0,Intel Core i5,512 GB,16 GB,Intel HD Graphics,512 GB
6899.0,Intel Core i5,,,AMD Radeon RX 550,500 GB
9896.0,Intel Core i7,,,Intel HD Graphics,512 GB
28999.99,Intel Core i5,256 GB,8 GB,Intel UHD Graphics 770,Yok
9384.0,Intel Core i7,,,Intel HD Graphics,256 GB
29000.0,Intel Core i7,,,Nvidia GeForce RTX 4090Ti,5 TB
8760.0,Intel Core i3,480 GB,32 GB,Dahili Ekran Kartı,64 GB
54999.0,Apple M1,,,Dahili Ekran Kartı,Yok
11299.0,Intel Core i5,,,Nvidia GeForce GT 730,1 TB
6440.41,Intel Core i5,,,Dahili Ekran Kartı,256 GB
10794.85,Intel Core i5,256 GB,16 GB,Intel HD Graphics,Yok
3899.0,Intel Core i5,240 GB,16 GB,Dahili Ekran Kartı,Yok
19547.07,Intel Core i7,256 GB,16 GB,Nvidia Geforce GT 740,Yok
16642.0,Intel Core i5,512 GB,32 GB,Intel HD Graphics,512 GB
8472.0,Intel Core i5,256 GB,8 GB,Intel HD Graphics,256 GB
29999.0,Intel Core i5,512 GB,16 GB,Nvidia GeForce RTX3060,512 GB
5750.0,Intel Pentium,,,Dahili Ekran Kartı,Yok
15526.0,Intel Core i5,1 TB,32 GB,Intel HD Graphics,1 TB
10999.0,Intel Core i7,,,AMD Radeon RX 550,500 GB
22949.0,Intel Core i5,512 GB,32 GB,Intel HD Graphics,512 GB
11063.0,Intel Core i7,,,Intel HD Graphics,1 TB
6099.0,Intel Core i7,,,Intel HD Graphics,512 GB
25999.0,Intel Core i5,512 GB,16 GB,Intel UHD Graphics 730,512 GB
7897.0,Intel Core i7,,,Intel HD Graphics,1 TB
6790.65,Intel Core i5,,,Intel HD Graphics,256 GB
73948.0,AMD Ryzen 9,1 TB,64 GB,Nvidia GeForce RTX 4070,1 TB
7199.0,Intel Core i5,,,Intel HD Graphics,500 GB
12934.78,Intel Core i5,1 TB,16 GB,AMD Radeon RX 550,1 TB
10518.0,Intel Core i5,,,Intel HD Graphics,1 TB
6699.0,Intel Core i7,256 GB,16 GB,Nvidia Geforce GT 740,Yok
12000.0,Intel Core i3,250 GB,8 GB,Dahili Ekran Kartı,250 GB
7291.0,Intel Core i5,256 GB,16 GB,Intel HD Graphics,256 GB
4200.0,Intel Core i5,256 GB,8 GB,Dahili Ekran Kartı,Yok
5997.14,Intel Core i7,256 GB,16 GB,Intel HD Graphics,Yok
9445.0,Intel Core i5,,,AMD Radeon R7 240,Yok
7372.79,Intel Core i7,,,Intel HD Graphics,128 GB
8249.0,Intel Core i5,512 GB,8 GB,Intel HD Graphics,512 GB
7953.0,Intel Core i5,,,AMD Radeon Graphics,500 GB
8495.0,Intel Core i5,256 GB,16 GB,Intel HD Graphics,256 GB
15368.0,Intel Core i5,512 GB,16 GB,Intel HD Graphics,512 GB
8304.68,Intel Core i5,256 GB,16 GB,Intel HD Graphics,256 GB
14429.13,Intel Xeon,SSD Yok,4 GB,Nvidia GeForce RTX 4090Ti,Yok
13357.44,Intel Core i5,512 GB,16 GB,Dahili Ekran Kartı,Yok
32400.0,Intel Core i7,SSD Yok,32 GB,Dahili Ekran Kartı,500 GB
11326.0,Intel Core i3,512 GB,8 GB,Intel HD Graphics,512 GB
11950.0,Intel Core i5,,,AMD Radeon R7 240,500 GB
6909.0,Intel Core i5,,,Intel HD Graphics,256 GB
6899.0,Intel Core i5,,,AMD Radeon R5,1 TB
8997.0,Intel Core i5,512 GB,8 GB,Intel HD Graphics,512 GB
6006.04,Intel Core i5,,,Intel HD Graphics,128 GB
7652.27,Intel Core i5,128 GB,16 GB,Intel HD Graphics,Yok
9230.0,Intel Core i5,,,Intel HD Graphics,256 GB
50699.76,Intel Core i5,1 TB,32 GB,Nvidia GeForce RTX 4060,1 TB
57505.58,AMD Ryzen 7,1 TB,32 GB,Nvidia GeForce RTX 4060Ti,1 TB
8130.0,Intel Core i5,,,Intel HD Graphics,256 GB
7302.0,Intel Core i5,,,Intel HD Graphics,512 GB
9624.0,Intel Core i5,1 TB,16 GB,Intel HD Graphics,1 TB
11025.0,Intel Core i5,,,Intel HD Graphics,1 TB
7633.0,Intel Core i5,,,Intel HD Graphics,256 GB
8990.0,Intel Core i3,256 GB,8 GB,Intel HD Graphics,256 GB
8949.0,Intel Core i7,240 GB,16 GB,AMD Radeon R5,1 TB
9807.0,Intel Core i7,,,Intel HD Graphics,256 GB
8558.0,Intel Core i5,,,Intel HD Graphics,512 GB
309999.99,AMD,1 TB,128 GB,Intel HD Graphics,1 TB
9453.0,Intel Core i5,,,Intel HD Graphics,1 TB
6048.27,Intel Core i3,,,Intel HD Graphics,128 GB
10060.0,Intel Core i5,256 GB,8 GB,Intel HD Graphics,256 GB
10393.0,Intel Core i5,,,Intel HD Graphics,1 TB
11444.0,Intel Core i5,512 GB,16 GB,Intel HD Graphics,512 GB
11657.0,Intel Core i5,512 GB,16 GB,Intel HD Graphics,512 GB
20499.0,Intel Core i5,512 GB,16 GB,Intel HD Graphics,512 GB
11523.0,Intel Core i7,,,Intel HD Graphics,1 TB
8554.0,Intel Core i5,256 GB,16 GB,Intel HD Graphics,256 GB
12779.09,Intel Core i5,,,Dahili Ekran Kartı,Yok
13678.0,Intel Core i5,,,Nvidia GeForce GT 730,500 GB
18308.07,Intel Core i5,480 GB,16 GB,AMD Radeon RX 550X,16 GB
9896.0,Intel Core i7,,,Intel HD Graphics,512 GB
11474.27,Intel Core i5,256 GB,8 GB,Dahili Ekran Kartı,Yok
8887.36,Intel Core i5,512 GB,16 GB,Intel HD Graphics,Yok
12467.0,Intel Core i7,,,Intel HD Graphics,1 TB
16064.48,Intel Core i3,256 GB,8 GB,Intel UHD Graphics 630,256 GB
10867.0,Intel Core i7,32 GB,32 GB,Intel HD Graphics,512 GB
10980.0,Intel Core i5,,,Intel HD Graphics,512 GB
11466.2,Intel Core i5,512 GB,16 GB,Intel HD Graphics,Yok
10829.91,Intel Core i5,256 GB,8 GB,Dahili Ekran Kartı,Yok
5967.42,Intel Core i3,,,Intel HD Graphics,128 GB
6743.66,Intel Core i5,,,Intel HD Graphics,256 GB
11446.0,Intel Core i7,,,Intel HD Graphics,512 GB
10273.0,Intel Core i3,512 GB,8 GB,Intel HD Graphics,512 GB
12775.21,Intel Core i5,256 GB,16 GB,Dahili Ekran Kartı,Yok
6184.19,Intel Core i5,,,Intel HD Graphics,128 GB
7269.37,Intel Core i5,,,Intel HD Graphics,256 GB
8999.0,Intel Core i5,128 GB,8 GB,Dahili Ekran Kartı,Yok
101789.0,AMD Ryzen 9,8 GB,128 GB,Nvidia GeForce RTX 3080,Yok
8999.0,Intel Core i5,128 GB,8 GB,Intel HD Graphics,Yok
10196.3,Intel Core i5,256 GB,8 GB,Intel HD Graphics,Yok
9309.43,Intel Core i5,,,Intel HD Graphics,256 GB
8599.0,Intel Core i5,,,AMD Radeon R5,500 GB
7249.0,Intel Core i5,,,Intel HD Graphics,500 GB
14417.58,Intel Core i3,256 GB,8 GB,Nvidia Geforce GT 740,256 GB
13687.0,Intel Core i5,1 TB,16 GB,AMD Radeon R5 230,Yok
8880.0,Intel Core i5,,,Intel HD Graphics,256 GB
7867.05,Intel Core i7,,,Intel HD Graphics,256 GB
7887.58,Intel Core i5,256 GB,16 GB,Intel HD Graphics,Yok
8171.14,Intel Core i5,512 GB,16 GB,Intel HD Graphics,512 GB
8256.0,Intel Core i5,512 GB,16 GB,Intel HD Graphics,512 GB
8130.56,Intel Core i5,256 GB,8 GB,Intel HD Graphics,256 GB
8078.0,Intel Core i5,256 GB,8 GB,Intel HD Graphics,256 GB
8688.74,Intel Core i7,,,Intel HD Graphics,128 GB
12515.0,Intel Core i5,512 GB,16 GB,Intel HD Graphics,512 GB
8076.47,Intel Core i5,256 GB,8 GB,Intel HD Graphics,256 GB
16563.0,Intel Core i5,512 GB,16 GB,Intel HD Graphics,512 GB
7546.79,Intel Core i5,,,Intel HD Graphics,Yok
9149.0,Intel Core i5,,,Nvidia GeForce GT 730,500 GB
15400.0,Intel Core i3,500 GB,32 GB,Intel UHD Graphics 600,1 TB
7288.45,Intel Core i7,512 GB,16 GB,Intel HD Graphics,Yok
6508.98,Intel Core i5,,,Intel HD Graphics,128 GB
7421.79,Intel Core i5,,,Intel HD Graphics,512 GB
6457.68,Intel Core i5,,,Intel HD Graphics,128 GB
6428.81,Intel Core i3,,,Dahili Ekran Kartı,128 GB
16369.58,Intel Core i5,1 TB,16 GB,AMD Radeon RX 580,1 TB
15931.1,Intel Core i5,256 GB,16 GB,Nvidia Geforce GT 740,Yok
14300.0,Intel Core i5,500 GB,16 GB,Dahili Ekran Kartı,500 GB
23000.0,Intel Core i5,1 TB,32 GB,Dahili Ekran Kartı,256 GB
5975.0,Intel Pentium,,,Dahili Ekran Kartı,Yok
21718.0,Intel Core i7,512 GB,16 GB,Intel HD Graphics,512 GB
6415.95,Intel Core i5,,,Intel HD Graphics,256 GB
6555.96,Intel Core i5,,,Intel HD Graphics,128 GB
6692.36,Intel Core i5,,,Intel HD Graphics,256 GB
7012.89,Intel Core i5,128 GB,8 GB,Intel HD Graphics,Yok
9899.0,Intel Core i3,,,Nvidia GeForce GT 730,16 GB
7822.33,Intel Core i3,512 GB,8 GB,Intel HD Graphics,Yok
6616.07,Intel Core i3,256 GB,16 GB,Intel HD Graphics,Yok
11376.7,Intel Core i5,512 GB,16 GB,Intel HD Graphics,Yok
18550.0,Intel Core i5,500 GB,16 GB,Intel HD Graphics,500 GB
24210.72,Intel Core i7,512 GB,16 GB,Nvidia GeForce MX110,Yok
5737.5,Intel Core i7,256 GB,8 GB,Intel HD Graphics,Yok
5800.0,Intel Core i5,,,Intel HD Graphics,512 GB
10549.0,Intel Core i3,,,Nvidia GeForce GT 730,16 GB
20519.0,Intel Core i5,1 TB,16 GB,Intel HD Graphics,1 TB
12087.51,Intel Core i7,512 GB,8 GB,Intel HD Graphics,Yok
23640.0,Intel Core i7,512 GB,16 GB,Intel HD Graphics,512 GB
7985.84,Intel Core i7,,,Intel HD Graphics,256 GB
7133.54,Intel Core i3,256 GB,8 GB,Intel HD Graphics,Yok
7858.02,Intel Core i5,512 GB,8 GB,Intel HD Graphics,Yok
6238.39,Intel Core i5,,,Intel HD Graphics,256 GB
7609.87,Intel Core i5,,,Dahili Ekran Kartı,Yok
8567.53,Intel Core i5,512 GB,16 GB,Intel HD Graphics,Yok
7378.64,Intel Core i3,512 GB,16 GB,Intel HD Graphics,Yok
21950.0,Intel Core i5,500 GB,16 GB,Dahili Ekran Kartı,Yok
91499.49,Intel Core i7,4 TB,96 GB,Nvidia GeForce RTX 4060,Belirtilmemiş
57742.99,Intel Core i9,2 TB,64 GB,Intel UHD Graphics 770,Yok
75799.49,Intel Core i7,1 TB,64 GB,Nvidia GeForce RTX 4060,Belirtilmemiş
6285.27,Intel Core i7,,,Intel HD Graphics,256 GB
37646.6,Intel Core i5,4 TB,24 GB,AMD Radeon RX550,4 TB
10999.0,Intel Core i3,,,Intel HD Graphics,1 TB
39740.79,Intel Core i5,4 TB,16 GB,Dahili Ekran Kartı,Yok
21004.0,Intel Core i5,256 GB,16 GB,Intel HD Graphics,256 GB
11452.89,Intel Core i3,256 GB,8 GB,Nvidia Geforce GT 740,256 GB
95999.99,Intel Xeon,1 TB,256 GB,Intel HD Graphics,1 TB
42561.92,Intel Core i5,4 TB,48 GB,Intel UHD Graphics 770,Yok
23050.0,Intel Core i7,500 GB,16 GB,Dahili Ekran Kartı,Yok
5899.0,Intel Core i5,,,AMD Radeon R5,500 GB
80697.69,AMD Ryzen 5,1 TB,32 GB,Nvidia GeForce RTX 4070,1 TB
67329.0,Intel Core i7,1 TB,128 GB,Nvidia GeForce RTX 3070,128 GB
36358.88,Intel Core i5,4 TB,8 GB,Nvidia GeForce GT 730,Yok
5949.0,Intel Core i5,,,Nvidia GeForce GT 730,500 GB
12240.38,Intel Core i5,256 GB,8 GB,Intel Iris Graphics,256 GB
5299.0,Intel Core i5,,,Intel HD Graphics,500 GB
22742.69,Intel Core i5,,,Dahili Ekran Kartı,Yok
5265.24,Intel Core i7,,,Intel HD Graphics,256 GB
28149.0,Intel Core i7,512 GB,32 GB,Intel UHD Graphics 770,512 GB
5749.0,Intel Core i5,,,Nvidia GeForce GT 730,Yok
36976.22,Intel Core i5,4 TB,12 GB,AMD Radeon RX550,Yok
85499.49,Intel Core i7,4 TB,48 GB,Nvidia GeForce RTX 4060,Belirtilmemiş
96499.49,Intel Core i7,4 TB,128 GB,Nvidia GeForce RTX 4060,Belirtilmemiş
40250.0,Intel Core i3,128 GB,16 GB,Intel HD Graphics 5500,256 GB
87499.49,Intel Core i7,2 TB,128 GB,Nvidia GeForce RTX 4060,Belirtilmemiş
84899.49,Intel Core i7,4 TB,64 GB,Nvidia GeForce RTX 4060,Belirtilmemiş
36358.88,Intel Core i5,4 TB,12 GB,Nvidia GeForce GT 730,4 TB
36336.63,Intel Core i5,4 TB,8 GB,Intel UHD Graphics 770,4 TB
36336.63,Intel Core i5,4 TB,12 GB,Intel UHD Graphics 770,4 TB
36398.93,Intel Core i5,4 TB,32 GB,Dahili Ekran Kartı,Yok
36398.93,Intel Core i5,4 TB,36 GB,Intel UHD Graphics 770,4 TB
36439.91,Intel Core i5,4 TB,40 GB,Intel UHD Graphics 770,4 TB
97882.35,AMD Ryzen 5,1 TB,32 GB,Nvidia GeForce RTX 4070,1 TB
36937.37,Intel Core i5,4 TB,20 GB,Intel UHD Graphics 770,4 TB
93599.49,Intel Core i7,4 TB,128 GB,Nvidia GeForce RTX 4060,Belirtilmemiş
30299.0,Intel Core i7,512 GB,32 GB,Intel UHD Graphics 770,512 GB
5499.0,Intel Core i5,,,AMD Radeon R5,500 GB
43699.49,Intel Core i7,,,NVIDIA GeForce GT1030,Yok
64949.08,AMD Ryzen 5,1 TB,32 GB,Nvidia GeForce RTX 4060Ti,1 TB
30649.8,Intel Core i5,1 TB,20 GB,Dahili Ekran Kartı,Yok
30555.69,Intel Core i5,256 GB,64 GB,AMD Radeon RX550,256 GB
59835.0,Intel Core i7,1 TB,32 GB,Nvidia Quadro T400,Yok
87399.49,Intel Core i7,1 TB,128 GB,Nvidia GeForce RTX 4060,Belirtilmemiş
30383.03,Intel Core i3,4 TB,16 GB,Dahili Ekran Kartı,Yok
30383.03,Intel Core i3,4 TB,20 GB,Dahili Ekran Kartı,Yok
38072.09,Intel Core i5,4 TB,20 GB,AMD Radeon RX550,4 TB
37304.45,Intel Core i3,4 TB,64 GB,Nvidia GeForce GT 730,Yok
37557.43,AMD Ryzen 3,4 TB,64 GB,AMD Radeon Graphics,Yok
19759.0,Intel Core i5,,,Dahili Ekran Kartı,512 GB
33099.0,Intel Core i7,2 TB,32 GB,Intel UHD Graphics 770,512 GB
39451.55,Intel Core i5,4 TB,12 GB,AMD Radeon RX550,4 TB
39042.16,Intel Core i5,4 TB,64 GB,Dahili Ekran Kartı,Yok
39298.54,Intel Core i5,4 TB,36 GB,AMD Radeon RX550,Yok
39285.89,Intel Core i5,4 TB,40 GB,NVIDIA GeForce GT1030,Yok
38939.82,Intel Core i5,4 TB,20 GB,Nvidia GeForce GT 730,Yok
38602.85,Intel Core i5,4 TB,36 GB,NVIDIA GeForce GT1030,Yok
38401.38,Intel Core i5,4 TB,32 GB,Nvidia GeForce GT 730,Yok
31769.27,Intel Core i5,1 TB,48 GB,Nvidia GeForce GT 730,1 TB
33434.55,Intel Core i5,4 TB,12 GB,Intel UHD Graphics 770,4 TB
31166.88,Intel Core i5,2 TB,48 GB,Intel UHD Graphics 770,2 TB
32659.82,Intel Core i3,4 TB,20 GB,Nvidia GeForce GT 730,Yok
31788.19,Intel Core i5,1 TB,20 GB,Nvidia GeForce GTX 1650,Yok
31747.02,Intel Core i5,1 TB,48 GB,Dahili Ekran Kartı,Yok
32022.32,Intel Core i3,4 TB,32 GB,Dahili Ekran Kartı,Yok
32022.32,Intel Core i3,4 TB,36 GB,Dahili Ekran Kartı,Yok
32659.82,Intel Core i3,4 TB,16 GB,Nvidia GeForce GT 730,Yok
32806.16,Intel Core i5,2 TB,64 GB,Intel UHD Graphics 770,2 TB
33434.55,Intel Core i5,4 TB,8 GB,Dahili Ekran Kartı,Yok
32701.43,Intel Core i5,1 TB,64 GB,NVIDIA GeForce GT1030,1 TB
36490.5,Intel Core i5,4 TB,48 GB,NVIDIA GeForce GT1030,Yok
32912.79,AMD Ryzen 3,4 TB,20 GB,AMD Radeon Graphics,Yok
33443.66,Intel Core i5,2 TB,48 GB,Nvidia GeForce GT 730,Yok
79599.49,Intel Core i7,1 TB,96 GB,Nvidia GeForce RTX 4060,Belirtilmemiş
30049.0,Intel Core i7,1 TB,32 GB,Intel UHD Graphics 770,512 GB
83399.49,Intel Core i7,4 TB,32 GB,Nvidia GeForce RTX 4060,Belirtilmemiş
4399.0,Intel Core i5,,,Dahili Ekran Kartı,Yok
5450.0,,,,,
84443.0,AMD Ryzen 9,,,Nvidia GeForce RTX 3080,Yok
87104.0,AMD Ryzen 9,,,Nvidia GeForce RTX 3080,Yok
47403.26,Intel Xeon,32 GB,48 GB,Nvidia GeForce RTX 4090Ti,5 TB
90899.0,Intel Core i7,,,Nvidia RTX A2000,2 TB
27123.6,Intel Core i5,1 TB,20 GB,Intel UHD Graphics 770,1 TB
84699.0,Intel Core i7,,,Nvidia RTX A2000,Yok
27267.77,Intel Core i5,,,Intel UHD Graphics 770,256 GB
88299.0,Intel Core i7,,,Nvidia RTX A2000,1 TB
96499.0,Intel Core i7,,,Nvidia RTX A2000,4 TB
88399.0,Intel Core i7,,,Nvidia RTX A2000,2 TB
28161.53,Intel Core i5,2 TB,16 GB,Intel UHD Graphics 770,2 TB
79399.49,Intel Core i7,2 TB,48 GB,Nvidia GeForce RTX 4060,Belirtilmemiş
90699.0,Intel Core i7,,,Nvidia RTX A2000,1 TB
5666.0,Intel Core i5,128 GB,8 GB,Belirtilmemiş,Belirtilmemiş
49735.0,Intel Xeon,512 GB,32 GB,Nvidia RTX A4000,512 GB
51031.56,Intel Core i5,4 TB,64 GB,Nvidia GeForce GTX 1650,Yok
29860.01,Intel Core i5,256 GB,64 GB,NVIDIA GeForce GT1030,256 GB
29809.92,Intel Core i5,1 TB,40 GB,Nvidia GeForce GT 730,1 TB
46386.92,Intel Core i5,4 TB,16 GB,Nvidia GeForce GTX 1650,Yok
46050.73,Intel Core i5,4 TB,64 GB,Nvidia GeForce GT 730,Yok
29290.81,Intel Core i5,256 GB,64 GB,Nvidia GeForce GT 730,256 GB
46606.96,Intel Core i5,4 TB,64 GB,NVIDIA GeForce GT1030,Yok
46356.56,Intel Core i5,4 TB,48 GB,AMD Radeon RX550,Yok
46730.97,Intel Core i5,4 TB,64 GB,Nvidia GeForce GT 730,Yok
46500.17,Intel Core i5,4 TB,32 GB,AMD Radeon RX550,Yok
23052.43,Intel Core i5,256 GB,24 GB,Dahili Ekran Kartı,Yok
25329.21,Intel Core i5,512 GB,16 GB,Nvidia GeForce GT 730,Yok
23052.43,Intel Core i5,512 GB,20 GB,Dahili Ekran Kartı,Yok
39440.43,Intel Core i5,4 TB,16 GB,AMD Radeon RX550,4 TB
38939.82,Intel Core i5,4 TB,16 GB,Nvidia GeForce GT 730,4 TB
38827.37,Intel Core i3,4 TB,48 GB,Dahili Ekran Kartı,Yok
27697.06,Intel Core i5,512 GB,64 GB,Intel UHD Graphics 770,512 GB
39740.79,Intel Core i5,4 TB,20 GB,Dahili Ekran Kartı,Yok
39502.73,Intel Core i5,4 TB,40 GB,NVIDIA GeForce GT1030,Yok
39602.85,Intel Core i5,4 TB,48 GB,Nvidia GeForce GT 730,Yok
39580.6,Intel Core i5,4 TB,48 GB,Intel UHD Graphics 770,4 TB
39540.55,Intel Core i5,4 TB,24 GB,Nvidia GeForce GT 730,4 TB
38716.69,Intel Core i5,4 TB,40 GB,Nvidia GeForce GT 730,4 TB
38379.13,Intel Core i5,4 TB,36 GB,Intel UHD Graphics 770,4 TB
39002.11,Intel Core i5,4 TB,40 GB,Nvidia GeForce GT 730,4 TB
45724.12,Intel Core i5,4 TB,48 GB,NVIDIA GeForce GT1030,Yok
32399.0,Intel Core i7,512 GB,64 GB,Intel UHD Graphics 770,Yok
32912.79,AMD Ryzen 3,4 TB,16 GB,AMD Radeon Graphics,Yok
23052.43,Intel Core i5,,,Intel UHD Graphics 770,512 GB
97797.98,Intel Xeon,,,NVIDIA Quadro RTX 4000,1 TB
32881.74,Intel Core i5,1 TB,48 GB,AMD Radeon RX550,1 TB
32199.0,Intel Core i7,1 TB,64 GB,Intel UHD Graphics 770,512 GB
35665.17,Intel Core i3,4 TB,48 GB,Nvidia GeForce GT 730,Yok
35918.15,AMD Ryzen 3,4 TB,48 GB,AMD Radeon Graphics,Yok
35711.34,Intel Core i5,4 TB,12 GB,Nvidia GeForce GT 730,4 TB
35711.34,Intel Core i5,,,Nvidia GeForce GT 730,4 TB
36184.91,Intel Core i5,1 TB,48 GB,Nvidia GeForce GT 730,Yok
34070.4,Intel Core i7,2 TB,8 GB,Dahili Ekran Kartı,Belirtilmemiş
25893.85,Intel Core i5,1 TB,24 GB,Dahili Ekran Kartı,Yok
29855.45,Intel Core i5,1 TB,64 GB,Intel UHD Graphics 770,1 TB
30391.76,Intel Core i5,1 TB,32 GB,AMD Radeon RX550,1 TB
27123.6,Intel Core i5,1 TB,16 GB,Dahili Ekran Kartı,Yok
33388.39,Intel Core i3,4 TB,48 GB,Dahili Ekran Kartı,Yok
47163.2,Intel Core i5,4 TB,64 GB,AMD Radeon RX550,Yok
47069.95,Intel Core i5,4 TB,24 GB,Nvidia GeForce GTX 1650,Yok
28220.72,Intel Core i5,256 GB,48 GB,NVIDIA GeForce GT1030,Yok
27651.53,Intel Core i5,256 GB,48 GB,NVIDIA GeForce GT1030,256 GB
28334.56,,,,,
28170.63,Intel Core i5,1 TB,24 GB,Nvidia GeForce GT 730,1 TB
157999.98,Intel Xeon,1 TB,128 GB,Dahili Ekran Kartı,1 TB
76499.49,Intel Core i7,2 TB,48 GB,Nvidia GeForce RTX 4060,Belirtilmemiş
31550.4,Intel Core i7,1 TB,16 GB,Dahili Ekran Kartı,Belirtilmemiş
49392.27,Intel Core i5,4 TB,48 GB,Nvidia GeForce GTX 1650,Yok
49833.13,Intel Core i5,4 TB,64 GB,Nvidia GeForce GTX 1650,Yok
48587.16,Intel Core i5,4 TB,64 GB,NVIDIA GeForce GT1030,Yok
48709.24,Intel Core i5,4 TB,40 GB,Nvidia GeForce GTX 1650,Yok
48391.37,Intel Core i5,4 TB,48 GB,Nvidia GeForce GTX 1650,Yok
41195.85,Intel Core i5,4 TB,36 GB,Dahili Ekran Kartı,Yok
40715.32,Intel Core i5,4 TB,48 GB,AMD Radeon RX550,4 TB
40653.02,Intel Core i5,4 TB,24 GB,AMD Radeon RX550,4 TB
40982.31,Intel Core i5,4 TB,40 GB,Nvidia GeForce GT 730,4 TB
45748.14,Intel Core i5,4 TB,16 GB,Nvidia GeForce GTX 1650,Yok
45058.41,Intel Core i5,4 TB,16 GB,AMD Radeon RX550,Yok
45387.7,Intel Core i5,4 TB,32 GB,Nvidia GeForce GT 730,Yok
46386.92,Intel Core i5,4 TB,20 GB,Nvidia GeForce GTX 1650,Yok
45748.14,Intel Core i5,4 TB,20 GB,Nvidia GeForce GTX 1650,Yok
45102.9,Intel Core i5,4 TB,24 GB,NVIDIA GeForce GT1030,Yok
45387.7,Intel Core i5,4 TB,36 GB,Nvidia GeForce GT 730,Yok
45659.14,Intel Core i5,4 TB,24 GB,AMD Radeon RX550,Yok
45805.99,Intel Core i5,4 TB,64 GB,Dahili Ekran Kartı,Yok
29126.88,Intel Core i5,1 TB,36 GB,Nvidia GeForce GT 730,Yok
45988.43,Intel Core i5,4 TB,40 GB,Nvidia GeForce GT 730,Yok
26850.1,Intel Core i5,1 TB,32 GB,Intel UHD Graphics 770,1 TB
44358.05,Intel Core i5,4 TB,32 GB,NVIDIA GeForce GT1030,Yok
43725.61,Intel Core i5,4 TB,32 GB,Nvidia GeForce GT 730,Yok
44137.28,Intel Core i5,4 TB,64 GB,AMD Radeon RX550,4 TB
44163.98,Intel Core i5,4 TB,36 GB,Nvidia GeForce GTX 1650,Yok
28499.0,Intel Core i5,,,Intel UHD Graphics 730,Yok
48999.99,Intel Xeon,,,AMD Radeon RX 570,512 GB
43963.73,Intel Core i5,4 TB,32 GB,NVIDIA GeForce GT1030,Yok
43945.93,Intel Core i5,4 TB,16 GB,Nvidia GeForce GT 730,Yok
43963.73,Intel Core i5,4 TB,36 GB,NVIDIA GeForce GT1030,Yok
43945.93,Intel Core i5,4 TB,20 GB,Nvidia GeForce GT 730,Yok
44163.98,Intel Core i5,4 TB,32 GB,Nvidia GeForce GTX 1650,4 TB
38873.54,Intel Core i5,4 TB,12 GB,Dahili Ekran Kartı,Yok
44546.67,Intel Core i5,4 TB,24 GB,Nvidia GeForce GT 730,Yok
24849.0,Intel Core i5,,,Dahili Ekran Kartı,1 TB
78799.49,Intel Core i7,2 TB,64 GB,Nvidia GeForce RTX 4060,Belirtilmemiş
44764.71,Intel Core i5,4 TB,40 GB,Nvidia GeForce GTX 1650,4 TB
29699.0,Intel Core i5,,,Intel UHD Graphics 730,Yok
32299.89,Intel Core i3,2 TB,32 GB,Intel UHD Graphics 730,Yok
76772.5,AMD Ryzen 7,1 TB,32 GB,Nvidia GeForce RTX 4070,1 TB
74399.49,Intel Core i7,2 TB,32 GB,Nvidia GeForce RTX 4060,Belirtilmemiş
41720.99,Intel Core i5,4 TB,16 GB,Dahili Ekran Kartı,Yok
41720.99,Intel Core i5,4 TB,20 GB,Dahili Ekran Kartı,Yok
41965.74,Intel Core i5,4 TB,16 GB,Nvidia GeForce GT 730,Yok
41965.74,Intel Core i5,4 TB,20 GB,Nvidia GeForce GT 730,Yok
40882.19,Intel Core i5,4 TB,36 GB,NVIDIA GeForce GT1030,Yok
40882.19,Intel Core i5,4 TB,32 GB,NVIDIA GeForce GT1030,Yok
40742.02,Intel Core i5,4 TB,16 GB,Nvidia GeForce GTX 1650,4 TB
41022.36,Intel Core i5,4 TB,64 GB,Intel UHD Graphics 770,4 TB
33818.4,Intel Core i7,1 TB,16 GB,Dahili Ekran Kartı,Belirtilmemiş
76399.49,Intel Core i7,1 TB,48 GB,Nvidia GeForce RTX 4060,Belirtilmemiş
33566.4,Intel Core i7,1 TB,32 GB,Dahili Ekran Kartı,Belirtilmemiş
36590.4,Intel Core i7,2 TB,8 GB,Dahili Ekran Kartı,Belirtilmemiş
25376.95,Intel Core i5,,,Nvidia GeForce GT 730,Yok
39556.57,Intel Core i5,4 TB,20 GB,Nvidia GeForce GT 730,Yok
41545.22,Intel Core i5,4 TB,64 GB,NVIDIA GeForce GT1030,Yok
40239.61,Intel Core i5,4 TB,24 GB,Dahili Ekran Kartı,Yok
42086.33,Intel Core i5,4 TB,20 GB,Nvidia GeForce GT 730,Yok
42086.33,Intel Core i5,4 TB,16 GB,Nvidia GeForce GT 730,Yok
28949.0,Intel Core i7,1 TB,16 GB,Intel UHD Graphics 770,512 GB
29149.0,Intel Core i7,512 GB,16 GB,Intel UHD Graphics 770,512 GB
43078.21,Intel Core i5,4 TB,16 GB,AMD Radeon RX550,Yok
42769.36,Intel Core i5,4 TB,24 GB,Nvidia GeForce GT 730,Yok
43351.21,Intel Core i5,4 TB,16 GB,AMD Radeon RX550,Yok
42566.47,Intel Core i5,4 TB,24 GB,Nvidia GeForce GT 730,Yok
43078.21,Intel Core i5,4 TB,20 GB,AMD Radeon RX550,Yok
42718.77,Intel Core i5,4 TB,16 GB,NVIDIA GeForce GT1030,Yok
43351.21,Intel Core i5,4 TB,20 GB,AMD Radeon RX550,Yok
42521.97,Intel Core i5,4 TB,20 GB,NVIDIA GeForce GT1030,Yok
42668.17,Intel Core i5,4 TB,8 GB,AMD Radeon RX550,Yok
43122.71,Intel Core i5,4 TB,24 GB,NVIDIA GeForce GT1030,Yok
42668.17,Intel Core i5,4 TB,12 GB,AMD Radeon RX550,Yok
43162.75,Intel Core i5,4 TB,32 GB,Dahili Ekran Kartı,Yok
42784.51,Intel Core i5,4 TB,40 GB,Nvidia GeForce GTX 1650,Yok
42094.78,Intel Core i5,4 TB,40 GB,AMD Radeon RX550,4 TB
43525.42,Intel Core i5,4 TB,64 GB,NVIDIA GeForce GT1030,4 TB
43725.61,Intel Core i5,4 TB,36 GB,Nvidia GeForce GT 730,Yok
43678.94,Intel Core i5,4 TB,24 GB,AMD Radeon RX550,Yok
24008.67,Intel Core i5,256 GB,36 GB,Intel UHD Graphics 770,256 GB
77299.49,Intel Core i7,2 TB,32 GB,Nvidia GeForce RTX 4060,Belirtilmemiş
380353.35,Intel Xeon,2 TB,192 GB,Nvidia RTX A5000,2 TB
29879.0,Intel Core i5,,,Dahili Ekran Kartı,256 GB
73213.0,Intel Core i7,2 TB,32 GB,Nvidia Quadro T600,Yok
5600.0,Intel Core i5,,,Intel HD Graphics 4400,256 GB
43763.49,Intel Core i5,4 TB,40 GB,Intel UHD Graphics 770,Yok
26999.0,Intel Core i5,256 GB,8 GB,Dahili Ekran Kartı,256 GB
37850.4,Intel Core i7,2 TB,16 GB,Dahili Ekran Kartı,Belirtilmemiş
43825.79,Intel Core i5,4 TB,64 GB,Nvidia GeForce GTX 1650,Yok
35027.67,Intel Core i3,4 TB,64 GB,Dahili Ekran Kartı,Yok
33924.7,Intel Core i3,4 TB,16 GB,AMD Radeon RX550,Yok
36086.4,Intel Core i7,1 TB,32 GB,Dahili Ekran Kartı,Belirtilmemiş
129118.0,Intel Core i7,2 TB,128 GB,Nvidia Quadro T1000,Yok
32132.24,Intel Core i5,1 TB,64 GB,Nvidia GeForce GT 730,1 TB
47553.96,Intel Core i7,512 GB,64 GB,AMD Radeon RX550,512 GB
42447.71,Intel Core i7,512 GB,16 GB,AMD Radeon RX550,512 GB
44249.92,Intel Core i7,256 GB,40 GB,AMD Radeon RX550,256 GB
43920.81,Intel Core i7,512 GB,40 GB,AMD Radeon RX550,512 GB
44249.92,Intel Core i7,512 GB,32 GB,AMD Radeon RX550,512 GB
43187.92,Intel Core i7,512 GB,32 GB,AMD Radeon RX550,512 GB
44249.92,Intel Core i7,512 GB,36 GB,AMD Radeon RX550,512 GB
42091.61,Intel Core i7,512 GB,48 GB,AMD Radeon RX550,512 GB
43187.92,Intel Core i7,256 GB,40 GB,AMD Radeon RX550,256 GB
41696.8,Intel Core i7,512 GB,12 GB,AMD Radeon RX550,512 GB
42455.02,Intel Core i7,256 GB,32 GB,AMD Radeon RX550,256 GB
43058.79,Intel Core i7,256 GB,64 GB,AMD Radeon RX550,256 GB
45751.75,Intel Core i7,512 GB,48 GB,AMD Radeon RX550,512 GB
43499.0,Intel Core i7,256 GB,32 GB,AMD Radeon RX550,256 GB
45000.83,Intel Core i7,512 GB,40 GB,AMD Radeon RX550,512 GB
43187.92,Intel Core i7,512 GB,36 GB,AMD Radeon RX550,512 GB
46803.04,Intel Core i7,256 GB,64 GB,AMD Radeon RX550,256 GB
44219.41,Intel Core i7,2 TB,16 GB,AMD Radeon RX550,2 TB
45571.53,Intel Core i7,1 TB,24 GB,AMD Radeon RX550,1 TB
44820.61,Intel Core i7,1 TB,20 GB,AMD Radeon RX550,1 TB
43583.84,Intel Core i7,1 TB,40 GB,AMD Radeon RX550,1 TB
44910.26,Intel Core i7,2 TB,24 GB,AMD Radeon RX550,2 TB
51901.6,Intel Core i7,4 TB,36 GB,AMD Radeon RX550,4 TB
50934.42,Intel Core i7,4 TB,24 GB,AMD Radeon RX550,4 TB
46969.66,Intel Core i7,1 TB,48 GB,AMD Radeon RX550,1 TB
47313.66,Intel Core i7,2 TB,8 GB,AMD Radeon RX550,2 TB
48815.5,Intel Core i7,2 TB,24 GB,AMD Radeon RX550,2 TB
49866.78,Intel Core i7,2 TB,32 GB,AMD Radeon RX550,2 TB
43012.02,Intel Core i7,1 TB,8 GB,AMD Radeon RX550,1 TB
45503.87,Intel Core i7,1 TB,36 GB,AMD Radeon RX550,1 TB
49552.73,Intel Core i7,4 TB,8 GB,AMD Radeon RX550,4 TB
43528.57,Intel Core i7,2 TB,8 GB,AMD Radeon RX550,2 TB
46568.28,Intel Core i7,2 TB,40 GB,AMD Radeon RX550,2 TB
47643.93,Intel Core i7,2 TB,24 GB,AMD Radeon RX550,2 TB
46178.13,Intel Core i7,2 TB,8 GB,AMD Radeon RX550,2 TB
49926.86,Intel Core i7,1 TB,64 GB,AMD Radeon RX550,1 TB
48064.58,Intel Core i7,2 TB,20 GB,AMD Radeon RX550,2 TB
52568.98,Intel Core i7,4 TB,8 GB,AMD Radeon RX550,4 TB
46236.77,Intel Core i7,1 TB,40 GB,AMD Radeon RX550,1 TB
46911.03,Intel Core i7,2 TB,20 GB,AMD Radeon RX550,2 TB
52592.45,Intel Core i7,4 TB,40 GB,AMD Radeon RX550,4 TB
51894.72,Intel Core i7,2 TB,64 GB,AMD Radeon RX550,2 TB
49866.78,Intel Core i7,2 TB,36 GB,AMD Radeon RX550,2 TB
49552.73,Intel Core i7,4 TB,12 GB,AMD Radeon RX550,4 TB
48669.98,Intel Core i7,2 TB,36 GB,AMD Radeon RX550,2 TB
50243.58,Intel Core i7,4 TB,16 GB,AMD Radeon RX550,4 TB
43528.57,Intel Core i7,2 TB,12 GB,AMD Radeon RX550,2 TB
50617.7,Intel Core i7,2 TB,40 GB,AMD Radeon RX550,2 TB
30379.11,Intel Core i5,1 TB,40 GB,NVIDIA GeForce GT1030,Yok
35189.57,AMD Ryzen 3,4 TB,20 GB,Nvidia GeForce GT 730,Yok
31672.6,Intel Core i3,4 TB,16 GB,Dahili Ekran Kartı,Yok
33342.85,Intel Core i3,4 TB,24 GB,Nvidia GeForce GT 730,Yok
34552.08,AMD Ryzen 3,4 TB,36 GB,AMD Radeon Graphics,Yok
41099.09,AMD Ryzen 3,4 TB,64 GB,AMD Radeon RX550,Yok
29800.81,Intel Core i5,2 TB,32 GB,Intel UHD Graphics 770,2 TB
21199.0,Intel Core i5,1 TB,32 GB,Dahili Ekran Kartı,Yok
8749.0,Intel Core i5,256 GB,16 GB,Intel HD Graphics,256 GB
53283.29,Intel Core i7,4 TB,48 GB,AMD Radeon RX550,4 TB
54941.32,Intel Core i7,4 TB,64 GB,AMD Radeon RX550,4 TB
56414.79,Intel Core i7,4 TB,32 GB,AMD Radeon RX550,4 TB
56526.62,Intel Core i7,4 TB,48 GB,AMD Radeon RX550,4 TB
55363.5,Intel Core i7,4 TB,24 GB,AMD Radeon RX550,4 TB
55060.83,Intel Core i7,4 TB,36 GB,AMD Radeon RX550,4 TB
55060.83,Intel Core i7,4 TB,32 GB,AMD Radeon RX550,4 TB
54612.58,Intel Core i7,4 TB,20 GB,AMD Radeon RX550,4 TB
54034.78,Intel Core i7,4 TB,24 GB,AMD Radeon RX550,4 TB
69352.94,AMD Ryzen 5,1 TB,32 GB,Nvidia GeForce RTX 4070,1 TB
94999.99,Intel Xeon,1 TB,128 GB,Dahili Ekran Kartı,1 TB
11802.0,Intel Core i5,240 GB,16 GB,AMD Radeon R5 230,Yok
71818.0,Intel Core i7,2 TB,32 GB,Nvidia Quadro T600,Yok
9499.0,Intel Core i3,256 GB,8 GB,Intel HD Graphics,256 GB
24899.16,AMD Ryzen 5,,,Dahili Ekran Kartı,256 GB
37670.21,Intel Core i7,256 GB,8 GB,AMD Radeon RX550,256 GB
40696.07,Intel Core i7,512 GB,8 GB,AMD Radeon RX550,512 GB
41428.97,Intel Core i7,256 GB,24 GB,AMD Radeon RX550,256 GB
41428.97,Intel Core i7,512 GB,20 GB,AMD Radeon RX550,512 GB
40709.92,Intel Core i7,256 GB,40 GB,AMD Radeon RX550,256 GB
41400.77,Intel Core i7,256 GB,48 GB,AMD Radeon RX550,256 GB
41400.77,Intel Core i7,512 GB,40 GB,AMD Radeon RX550,512 GB
38361.05,Intel Core i7,256 GB,16 GB,AMD Radeon RX550,256 GB
40945.88,Intel Core i7,256 GB,8 GB,AMD Radeon RX550,256 GB
38361.05,Intel Core i7,256 GB,20 GB,AMD Radeon RX550,256 GB
40696.07,Intel Core i7,256 GB,20 GB,AMD Radeon RX550,256 GB
39963.18,Intel Core i7,256 GB,8 GB,AMD Radeon RX550,256 GB
19599.0,Intel Core i5,,,Intel UHD Graphics 730,Yok
29699.89,Intel Core i3,1 TB,32 GB,Intel UHD Graphics 730,Yok
11455.0,Intel Core i7,,,Intel HD Graphics,1 TB
6999.0,Intel Core i5,128 GB,8 GB,Dahili Ekran Kartı,320 GB
25399.0,Intel Core i5,,,Dahili Ekran Kartı,Yok
21400.0,Intel Core i7,500 GB,32 GB,Dahili Ekran Kartı,Yok
29250.0,Intel Core i7,500 GB,32 GB,Dahili Ekran Kartı,1 TB
16900.0,Intel Core i5,500 GB,32 GB,Dahili Ekran Kartı,1 TB
67857.24,Intel Core i7,4 TB,64 GB,Nvidia GeForce GTX 1650,4 TB
6199.0,Intel Core i7,256 GB,16 GB,Nvidia Geforce GT 740,Yok
23000.0,Intel Core i5,500 GB,16 GB,Dahili Ekran Kartı,Yok
18100.0,Intel Core i3,500 GB,16 GB,Dahili Ekran Kartı,Yok
13699.0,Intel Core i5,256 GB,8 GB,Intel HD Graphics,256 GB
11499.0,Intel Core i5,,,Intel HD Graphics,500 GB
10226.29,Intel Core i5,256 GB,16 GB,Intel HD Graphics,Yok
5702.0,Intel Core i7,256 GB,16 GB,Intel HD Graphics,256 GB
98899.0,Intel Core i7,,,Nvidia RTX A2000,4 TB
117899.0,Intel Core i7,,,Nvidia RTX A2000,4 TB
102299.0,Intel Core i7,,,Nvidia RTX A2000,4 TB
115199.0,Intel Core i7,,,Nvidia RTX A2000,4 TB
115999.0,Intel Core i7,,,Nvidia RTX A2000,4 TB
104799.0,Intel Core i7,,,Nvidia RTX A2000,4 TB
117699.0,Intel Core i7,,,Nvidia RTX A2000,4 TB
108599.0,Intel Core i7,,,Nvidia RTX A2000,4 TB
8892.0,Intel Core i5,512 GB,16 GB,Intel HD Graphics,512 GB
11999.0,Intel Core i7,256 GB,16 GB,Nvidia GeForce GT 730,250 GB
26699.49,Intel Core i5,,,Intel UHD Graphics 730,Yok
6588.0,Intel Core i7,,,Intel HD Graphics,512 GB
10849.0,Intel Core i7,,,Nvidia GeForce GT 730,500 GB
9500.0,Intel Pentium,,,Dahili Ekran Kartı,Yok
6874.0,Intel Core i7,,,Nvidia GeForce GT 730,Yok
201260.0,Intel Core i7,4 TB,128 GB,Nvidia RTX A4000,Yok
205739.0,Intel Core i9,4 TB,128 GB,Nvidia RTX A4000,Yok
8184.0,Intel Core i5,256 GB,16 GB,Intel HD Graphics,256 GB
6299.0,Intel Core i3,,,Dahili Ekran Kartı,Yok
9573.0,Intel Core i7,512 GB,8 GB,Intel HD Graphics,512 GB
6011.52,Intel Core i7,,,Intel HD Graphics,256 GB
7427.76,Intel Core i5,,,Intel HD Graphics,128 GB
7949.0,Intel Core i5,,,Intel HD Graphics,Yok
42520.82,Intel Core i5,4 TB,32 GB,NVIDIA GeForce GT1030,4 TB
42147.63,Intel Core i5,4 TB,40 GB,Dahili Ekran Kartı,4 TB
42285.57,Intel Core i5,4 TB,8 GB,NVIDIA GeForce GT1030,4 TB
43153.26,Intel Core i5,4 TB,32 GB,AMD Radeon RX550,4 TB
42993.1,Intel Core i5,4 TB,48 GB,Nvidia GeForce GT 730,4 TB
43517.3,Intel Core i5,2 TB,48 GB,Nvidia GeForce GTX 1650,2 TB
42948.6,Intel Core i5,4 TB,40 GB,NVIDIA GeForce GT1030,4 TB
42285.57,Intel Core i5,4 TB,12 GB,NVIDIA GeForce GT1030,4 TB
43549.34,Intel Core i5,4 TB,48 GB,NVIDIA GeForce GT1030,4 TB
42315.83,Intel Core i5,2 TB,32 GB,Nvidia GeForce GTX 1650,2 TB
44959.06,Intel Core i5,2 TB,64 GB,Nvidia GeForce GTX 1650,2 TB
42886.31,Intel Core i5,4 TB,20 GB,NVIDIA GeForce GT1030,4 TB
47554.23,Intel Core i5,4 TB,32 GB,Nvidia GeForce GTX 1650,4 TB
44043.28,Intel Core i5,4 TB,24 GB,AMD Radeon RX550,4 TB
44928.8,Intel Core i5,4 TB,40 GB,NVIDIA GeForce GT1030,4 TB
42841.81,Intel Core i5,4 TB,12 GB,AMD Radeon RX550,4 TB
44132.27,Intel Core i5,4 TB,16 GB,Nvidia GeForce GTX 1650,4 TB
44190.12,Intel Core i5,4 TB,64 GB,Dahili Ekran Kartı,4 TB
44434.87,Intel Core i5,4 TB,64 GB,Nvidia GeForce GT 730,4 TB
43531.54,Intel Core i5,4 TB,12 GB,Nvidia GeForce GTX 1650,4 TB
42748.36,Intel Core i5,4 TB,48 GB,Dahili Ekran Kartı,4 TB
46112.47,Intel Core i5,4 TB,20 GB,Nvidia GeForce GTX 1650,4 TB
44328.07,Intel Core i5,4 TB,36 GB,NVIDIA GeForce GT1030,4 TB
47527.53,Intel Core i5,4 TB,64 GB,AMD Radeon RX550,4 TB
45529.54,Intel Core i5,4 TB,48 GB,NVIDIA GeForce GT1030,4 TB
42886.31,Intel Core i5,4 TB,16 GB,NVIDIA GeForce GT1030,4 TB
43771.83,Intel Core i5,4 TB,36 GB,Nvidia GeForce GT 730,4 TB
46085.77,Intel Core i5,4 TB,48 GB,AMD Radeon RX550,4 TB
46158.61,Intel Core i5,4 TB,64 GB,AMD Radeon RX550,4 TB
41791.63,Intel Core i5,4 TB,32 GB,Nvidia GeForce GT 730,4 TB
42841.81,Intel Core i5,4 TB,8 GB,AMD Radeon RX550,4 TB
47554.23,Intel Core i5,4 TB,36 GB,Nvidia GeForce GTX 1650,4 TB
44328.07,Intel Core i5,4 TB,32 GB,NVIDIA GeForce GT1030,4 TB
44372.57,Intel Core i5,4 TB,40 GB,Nvidia GeForce GT 730,4 TB
46775.5,Intel Core i5,4 TB,48 GB,Nvidia GeForce GTX 1650,4 TB
44105.57,Intel Core i5,4 TB,48 GB,AMD Radeon RX550,4 TB
45511.74,Intel Core i5,4 TB,12 GB,Nvidia GeForce GTX 1650,4 TB
42520.82,Intel Core i5,4 TB,36 GB,NVIDIA GeForce GT1030,4 TB
43442.54,Intel Core i5,4 TB,16 GB,AMD Radeon RX550,4 TB
41791.63,Intel Core i5,4 TB,36 GB,Nvidia GeForce GT 730,4 TB
45485.04,Intel Core i5,4 TB,40 GB,AMD Radeon RX550,4 TB
44884.3,Intel Core i5,4 TB,36 GB,AMD Radeon RX550,4 TB
42197.01,Intel Core i5,4 TB,24 GB,AMD Radeon RX550,4 TB
46112.47,Intel Core i5,4 TB,16 GB,Nvidia GeForce GTX 1650,4 TB
42347.87,Intel Core i5,4 TB,32 GB,NVIDIA GeForce GT1030,4 TB
46415.06,Intel Core i5,4 TB,64 GB,Nvidia GeForce GT 730,4 TB
48755.7,Intel Core i5,4 TB,48 GB,Nvidia GeForce GTX 1650,4 TB
44549.68,Intel Core i5,4 TB,16 GB,Nvidia GeForce GTX 1650,4 TB
41729.34,Intel Core i5,4 TB,12 GB,Nvidia GeForce GT 730,4 TB
42281.12,Intel Core i5,4 TB,40 GB,Nvidia GeForce GTX 1650,4 TB
44261.32,Intel Core i5,4 TB,40 GB,Nvidia GeForce GTX 1650,4 TB
41761.89,Intel Core i5,4 TB,36 GB,Nvidia GeForce GTX 1650,4 TB
42521.42,Intel Core i5,4 TB,64 GB,Nvidia GeForce GT 730,4 TB
41761.89,Intel Core i5,4 TB,32 GB,Nvidia GeForce GTX 1650,4 TB
44323.62,Intel Core i5,4 TB,64 GB,Nvidia GeForce GTX 1650,4 TB
41680.39,Intel Core i5,4 TB,32 GB,Nvidia GeForce GTX 1650,4 TB
42881.86,Intel Core i5,4 TB,48 GB,Nvidia GeForce GTX 1650,4 TB
44862.05,Intel Core i5,4 TB,48 GB,Nvidia GeForce GTX 1650,4 TB
42192.12,Intel Core i5,4 TB,48 GB,AMD Radeon RX550,4 TB
42218.82,Intel Core i5,4 TB,16 GB,Nvidia GeForce GTX 1650,4 TB
42819.56,Intel Core i5,4 TB,24 GB,Nvidia GeForce GTX 1650,4 TB
43022.03,Intel Core i5,4 TB,64 GB,NVIDIA GeForce GT1030,4 TB
43660.59,Intel Core i5,4 TB,36 GB,Intel UHD Graphics 730,Yok
26499.49,Intel Core i5,,,Intel UHD Graphics 730,1 TB
11499.0,Intel Core i5,,,Nvidia GeForce GT 730,500 GB
11249.0,Intel Core i5,,,AMD Radeon RX 550,500 GB
11649.0,Intel Core i5,,,Nvidia GeForce GT 730,1 TB
11349.0,Intel Core i5,,,Nvidia GeForce GT 730,1 TB
11399.0,Intel Core i5,,,Nvidia GeForce GT 730,1 TB
55839.0,Intel Core i7,1 TB,32 GB,Nvidia GeForce RTX 3070,128 GB
30373.23,Intel Core i5,512 GB,16 GB,Dahili Ekran Kartı,512 GB
35529.76,Intel Core i5,2 TB,48 GB,Dahili Ekran Kartı,2 TB
40936.37,Intel Core i5,2 TB,40 GB,Nvidia GeForce GTX 1650,2 TB
29171.77,Intel Core i5,256 GB,12 GB,Dahili Ekran Kartı,256 GB
37647.9,Intel Core i5,2 TB,20 GB,NVIDIA GeForce GT1030,2 TB
34496.5,Intel Core i5,1 TB,20 GB,Nvidia GeForce GT 730,1 TB
31036.27,Intel Core i5,512 GB,48 GB,Dahili Ekran Kartı,512 GB
34167.55,Intel Core i5,512 GB,24 GB,Nvidia GeForce GTX 1650,512 GB
31997.44,Intel Core i5,512 GB,12 GB,Nvidia GeForce GT 730,512 GB
35642.91,Intel Core i5,1 TB,16 GB,Nvidia GeForce GTX 1650,1 TB
25971.13,Intel Core i5,512 GB,8 GB,Dahili Ekran Kartı,512 GB
40305.37,Intel Core i5,4 TB,12 GB,NVIDIA GeForce GT1030,4 TB
34496.5,Intel Core i5,1 TB,16 GB,Nvidia GeForce GT 730,1 TB
31733.12,Intel Core i5,1 TB,36 GB,Dahili Ekran Kartı,1 TB
37050.73,Intel Core i5,1 TB,36 GB,AMD Radeon RX550,1 TB
39645.9,Intel Core i5,2 TB,32 GB,AMD Radeon RX550,2 TB
32478.03,Intel Core i5,512 GB,64 GB,Dahili Ekran Kartı,512 GB
29082.74,Intel Core i5,256 GB,8 GB,AMD Radeon RX550,256 GB
32415.73,Intel Core i5,256 GB,48 GB,Dahili Ekran Kartı,256 GB
37298.38,Intel Core i5,2 TB,48 GB,Nvidia GeForce GT 730,2 TB
37930.82,Intel Core i5,2 TB,48 GB,NVIDIA GeForce GT1030,2 TB
31670.82,Intel Core i5,1 TB,8 GB,Dahili Ekran Kartı,1 TB
32509.18,Intel Core i5,256 GB,12 GB,AMD Radeon RX550,256 GB
31997.44,Intel Core i5,256 GB,16 GB,Nvidia GeForce GT 730,256 GB
31974.76,Intel Core i5,1 TB,20 GB,NVIDIA GeForce GT1030,1 TB
31817.91,Intel Core i5,1 TB,48 GB,Dahili Ekran Kartı,1 TB
34293.03,Intel Core i5,2 TB,16 GB,Nvidia GeForce GT 730,2 TB
32771.13,Intel Core i5,512 GB,40 GB,AMD Radeon RX550,512 GB
29133.33,Intel Core i5,256 GB,20 GB,NVIDIA GeForce GT1030,256 GB
33154.41,Intel Core i5,256 GB,24 GB,NVIDIA GeForce GT1030,256 GB
33817.44,Intel Core i5,512 GB,48 GB,NVIDIA GeForce GT1030,512 GB
31342.32,Intel Core i5,1 TB,20 GB,Nvidia GeForce GT 730,1 TB
36601.29,Intel Core i5,1 TB,64 GB,Nvidia GeForce GT 730,1 TB
35779.84,Intel Core i5,512 GB,8 GB,Nvidia GeForce GTX 1650,512 GB
29183.93,Intel Core i5,512 GB,20 GB,Nvidia GeForce GT 730,512 GB
35008.23,Intel Core i5,1 TB,12 GB,AMD Radeon RX550,1 TB
31730.45,Intel Core i5,256 GB,24 GB,AMD Radeon RX550,256 GB
38533.43,Intel Core i5,2 TB,36 GB,Nvidia GeForce GT 730,2 TB
35712.2,Intel Core i5,2 TB,24 GB,Nvidia GeForce GT 730,2 TB
39358.62,Intel Core i5,4 TB,32 GB,Dahili Ekran Kartı,4 TB
29816.37,Intel Core i5,256 GB,24 GB,NVIDIA GeForce GT1030,256 GB
40922.13,Intel Core i5,1 TB,48 GB,Nvidia GeForce GTX 1650,1 TB
34452.0,Intel Core i5,1 TB,8 GB,NVIDIA GeForce GT1030,1 TB
35214.71,Intel Core i5,256 GB,64 GB,AMD Radeon RX550,256 GB
35179.11,Intel Core i5,256 GB,8 GB,Nvidia GeForce GTX 1650,256 GB
32607.2,Intel Core i5,1 TB,20 GB,AMD Radeon RX550,1 TB
38402.37,Intel Core i5,4 TB,24 GB,Dahili Ekran Kartı,4 TB
34874.87,Intel Core i5,2 TB,8 GB,AMD Radeon RX550,2 TB
37822.34,Intel Core i5,512 GB,36 GB,Nvidia GeForce GTX 1650,512 GB
33484.52,Intel Core i5,512 GB,20 GB,Nvidia GeForce GTX 1650,512 GB
37221.6,Intel Core i5,256 GB,32 GB,Nvidia GeForce GTX 1650,256 GB
31733.12,Intel Core i5,1 TB,32 GB,Dahili Ekran Kartı,1 TB
33772.95,Intel Core i5,256 GB,48 GB,AMD Radeon RX550,256 GB
34039.94,Intel Core i5,256 GB,40 GB,Nvidia GeForce GT 730,256 GB
31291.72,Intel Core i5,1 TB,12 GB,NVIDIA GeForce GT1030,1 TB
37647.9,Intel Core i5,2 TB,16 GB,NVIDIA GeForce GT1030,2 TB
35608.5,Intel Core i5,2 TB,24 GB,NVIDIA GeForce GT1030,2 TB
31298.81,Intel Core i5,512 GB,64 GB,Dahili Ekran Kartı,512 GB
32138.69,Intel Core i5,256 GB,48 GB,NVIDIA GeForce GT1030,256 GB
31342.32,Intel Core i5,1 TB,16 GB,Nvidia GeForce GT 730,1 TB
37740.46,Intel Core i5,1 TB,36 GB,Nvidia GeForce GTX 1650,1 TB
37047.17,Intel Core i5,2 TB,8 GB,NVIDIA GeForce GT1030,2 TB
38533.43,Intel Core i5,2 TB,32 GB,Nvidia GeForce GT 730,2 TB
28976.49,Intel Core i5,256 GB,48 GB,Dahili Ekran Kartı,256 GB
36442.88,Intel Core i5,512 GB,40 GB,Nvidia GeForce GTX 1650,512 GB
38293.14,Intel Core i5,2 TB,8 GB,Nvidia GeForce GTX 1650,2 TB
36494.49,Intel Core i5,1 TB,32 GB,NVIDIA GeForce GT1030,1 TB
27191.57,Intel Core i5,256 GB,12 GB,Dahili Ekran Kartı,256 GB
37880.23,Intel Core i5,2 TB,40 GB,AMD Radeon RX550,2 TB
28500.89,Intel Core i5,256 GB,16 GB,Nvidia GeForce GT 730,256 GB
31763.27,Intel Core i5,2 TB,20 GB,Dahili Ekran Kartı,2 TB
37153.97,Intel Core i5,2 TB,40 GB,Nvidia GeForce GT 730,2 TB
32059.74,Intel Core i5,512 GB,36 GB,Nvidia GeForce GT 730,512 GB
32553.68,Intel Core i5,256 GB,16 GB,NVIDIA GeForce GT1030,256 GB
31997.44,Intel Core i5,256 GB,20 GB,Nvidia GeForce GT 730,256 GB
35715.76,Intel Core i5,1 TB,48 GB,NVIDIA GeForce GT1030,1 TB
40349.87,Intel Core i5,4 TB,20 GB,Nvidia GeForce GT 730,4 TB
36638.67,Intel Core i5,256 GB,64 GB,NVIDIA GeForce GT1030,256 GB
28976.49,Intel Core i5,512 GB,40 GB,Dahili Ekran Kartı,512 GB
29972.74,Intel Core i5,256 GB,8 GB,NVIDIA GeForce GT1030,256 GB
32088.09,Intel Core i5,256 GB,40 GB,AMD Radeon RX550,256 GB
37795.64,Intel Core i5,512 GB,64 GB,AMD Radeon RX550,512 GB
34874.87,Intel Core i5,2 TB,12 GB,AMD Radeon RX550,2 TB
34452.0,Intel Core i5,1 TB,12 GB,NVIDIA GeForce GT1030,1 TB
36353.88,Intel Core i5,512 GB,48 GB,AMD Radeon RX550,512 GB
35557.91,Intel Core i5,2 TB,20 GB,AMD Radeon RX550,2 TB
37036.3,Intel Core i5,4 TB,12 GB,Dahili Ekran Kartı,4 TB
32886.53,Intel Core i5,2 TB,20 GB,Dahili Ekran Kartı,2 TB
40198.5,Intel Core i5,4 TB,12 GB,NVIDIA GeForce GT1030,4 TB
28450.3,Intel Core i5,256 GB,8 GB,NVIDIA GeForce GT1030,256 GB
31730.45,Intel Core i5,512 GB,20 GB,AMD Radeon RX550,512 GB
29416.51,Intel Core i5,256 GB,12 GB,Nvidia GeForce GT 730,256 GB
34596.17,Intel Core i5,512 GB,36 GB,NVIDIA GeForce GT1030,512 GB
28812.56,Intel Core i5,1 TB,16 GB,Dahili Ekran Kartı,1 TB
37524.2,Intel Core i5,4 TB,12 GB,Dahili Ekran Kartı,4 TB
35806.84,Intel Core i5,256 GB,48 GB,Nvidia GeForce GTX 1650,256 GB
34551.67,Intel Core i5,256 GB,32 GB,AMD Radeon RX550,256 GB
28293.45,Intel Core i5,512 GB,36 GB,Dahili Ekran Kartı,512 GB
30892.09,Intel Core i5,1 TB,24 GB,Dahili Ekran Kartı,1 TB
40847.37,Intel Core i5,2 TB,48 GB,AMD Radeon RX550,2 TB
27792.3,Intel Core i5,512 GB,12 GB,Dahili Ekran Kartı,512 GB
37965.23,Intel Core i5,1 TB,40 GB,Nvidia GeForce GTX 1650,1 TB
34959.87,Intel Core i5,1 TB,8 GB,Nvidia GeForce GTX 1650,1 TB
34400.38,Intel Core i5,512 GB,16 GB,Nvidia GeForce GTX 1650,512 GB
31774.95,Intel Core i5,512 GB,24 GB,NVIDIA GeForce GT1030,512 GB
29183.93,Intel Core i5,512 GB,16 GB,Nvidia GeForce GT 730,512 GB
36308.49,Intel Core i5,2 TB,36 GB,Dahili Ekran Kartı,2 TB
39566.69,Intel Core i5,4 TB,36 GB,Dahili Ekran Kartı,4 TB
32516.3,Intel Core i5,1 TB,16 GB,Nvidia GeForce GT 730,1 TB
30435.53,Intel Core i5,256 GB,48 GB,Dahili Ekran Kartı,256 GB
33109.91,Intel Core i5,512 GB,8 GB,AMD Radeon RX550,512 GB
34510.74,Intel Core i5,2 TB,8 GB,Nvidia GeForce GT 730,2 TB
33172.21,Intel Core i5,512 GB,32 GB,AMD Radeon RX550,512 GB
40465.57,Intel Core i5,512 GB,64 GB,Nvidia GeForce GTX 1650,512 GB
35671.27,Intel Core i5,1 TB,40 GB,AMD Radeon RX550,1 TB
36272.0,Intel Core i5,1 TB,48 GB,AMD Radeon RX550,1 TB
35779.84,Intel Core i5,256 GB,20 GB,Nvidia GeForce GTX 1650,256 GB
39494.61,Intel Core i5,2 TB,24 GB,Nvidia GeForce GTX 1650,2 TB
35196.91,Intel Core i5,256 GB,48 GB,NVIDIA GeForce GT1030,256 GB
36223.94,Intel Core i5,2 TB,20 GB,AMD Radeon RX550,2 TB
37139.73,Intel Core i5,1 TB,48 GB,Nvidia GeForce GT 730,1 TB
39134.16,Intel Core i5,2 TB,40 GB,Nvidia GeForce GT 730,2 TB
40105.13,Intel Core i5,4 TB,20 GB,Dahili Ekran Kartı,4 TB
33828.56,Intel Core i5,512 GB,64 GB,Nvidia GeForce GT 730,512 GB
34596.17,Intel Core i5,512 GB,32 GB,NVIDIA GeForce GT1030,512 GB
34929.52,Intel Core i5,1 TB,40 GB,AMD Radeon RX550,1 TB
34039.94,Intel Core i5,512 GB,32 GB,Nvidia GeForce GT 730,512 GB
41506.84,Intel Core i5,4 TB,24 GB,NVIDIA GeForce GT1030,4 TB
31924.16,Intel Core i5,1 TB,8 GB,AMD Radeon RX550,1 TB
32189.28,Intel Core i5,512 GB,48 GB,Nvidia GeForce GT 730,512 GB
34925.47,Intel Core i5,2 TB,20 GB,NVIDIA GeForce GT1030,2 TB
34980.11,Intel Core i5,1 TB,48 GB,NVIDIA GeForce GT1030,1 TB
30451.84,Intel Core i5,1 TB,36 GB,Dahili Ekran Kartı,1 TB
28393.04,Intel Core i5,256 GB,24 GB,Dahili Ekran Kartı,256 GB
38581.49,Intel Core i5,1 TB,64 GB,Nvidia GeForce GT 730,1 TB
31129.71,Intel Core i5,256 GB,20 GB,AMD Radeon RX550,256 GB
37197.19,Intel Core i5,2 TB,32 GB,AMD Radeon RX550,2 TB
39566.06,Intel Core i5,4 TB,12 GB,Nvidia GeForce GT 730,4 TB
35152.41,Intel Core i5,256 GB,40 GB,AMD Radeon RX550,256 GB
35052.73,Intel Core i5,1 TB,16 GB,NVIDIA GeForce GT1030,1 TB
35052.73,Intel Core i5,1 TB,20 GB,NVIDIA GeForce GT1030,1 TB
34373.68,Intel Core i5,512 GB,48 GB,AMD Radeon RX550,512 GB
27610.42,Intel Core i5,256 GB,32 GB,Dahili Ekran Kartı,256 GB
31174.21,Intel Core i5,256 GB,24 GB,NVIDIA GeForce GT1030,256 GB
37665.7,Intel Core i5,2 TB,32 GB,AMD Radeon RX550,2 TB
37239.4,Intel Core i5,512 GB,64 GB,NVIDIA GeForce GT1030,512 GB
32471.8,Intel Core i5,1 TB,8 GB,NVIDIA GeForce GT1030,1 TB
37754.7,Intel Core i5,2 TB,48 GB,Nvidia GeForce GT 730,2 TB
30823.21,Intel Core i5,512 GB,36 GB,Nvidia GeForce GT 730,512 GB
39864.84,Intel Core i5,256 GB,64 GB,Nvidia GeForce GTX 1650,256 GB
34440.77,Intel Core i5,256 GB,32 GB,Nvidia GeForce GTX 1650,256 GB
32981.6,Intel Core i5,1 TB,32 GB,Nvidia GeForce GT 730,1 TB
30659.28,Intel Core i5,1 TB,8 GB,Nvidia GeForce GT 730,1 TB
36564.75,Intel Core i5,2 TB,32 GB,NVIDIA GeForce GT1030,2 TB
33487.26,Intel Core i5,2 TB,24 GB,Dahili Ekran Kartı,2 TB
33799.64,Intel Core i5,256 GB,20 GB,Nvidia GeForce GTX 1650,256 GB
30373.23,Intel Core i5,256 GB,24 GB,Dahili Ekran Kartı,256 GB
33772.95,Intel Core i5,512 GB,40 GB,AMD Radeon RX550,512 GB
41546.89,Intel Core i5,4 TB,36 GB,Dahili Ekran Kartı,4 TB
29659.52,Intel Core i5,512 GB,48 GB,Dahili Ekran Kartı,512 GB
38879.63,Intel Core i5,1 TB,24 GB,Nvidia GeForce GTX 1650,1 TB
39276.65,Intel Core i5,2 TB,24 GB,Nvidia GeForce GTX 1650,2 TB
31080.24,Intel Core i5,2 TB,8 GB,Dahili Ekran Kartı,2 TB
33172.21,Intel Core i5,256 GB,40 GB,AMD Radeon RX550,256 GB
39089.67,Intel Core i5,2 TB,36 GB,NVIDIA GeForce GT1030,2 TB
35932.31,Intel Core i5,2 TB,32 GB,Nvidia GeForce GT 730,2 TB
40232.9,Intel Core i5,2 TB,36 GB,Nvidia GeForce GTX 1650,2 TB
31506.25,Intel Core i5,512 GB,40 GB,Nvidia GeForce GT 730,512 GB
33028.03,Intel Core i5,1 TB,8 GB,AMD Radeon RX550,1 TB
38248.64,Intel Core i5,2 TB,24 GB,NVIDIA GeForce GT1030,2 TB
30617.98,Intel Core i5,256 GB,24 GB,Nvidia GeForce GT 730,256 GB
40906.11,Intel Core i5,4 TB,20 GB,NVIDIA GeForce GT1030,4 TB
31915.56,Intel Core i5,1 TB,8 GB,Nvidia GeForce GT 730,1 TB
30140.18,Intel Core i5,256 GB,32 GB,Nvidia GeForce GT 730,256 GB
32059.74,Intel Core i5,512 GB,32 GB,Nvidia GeForce GT 730,512 GB
35467.46,Intel Core i5,2 TB,24 GB,Dahili Ekran Kartı,2 TB
30017.24,Intel Core i5,512 GB,12 GB,Nvidia GeForce GT 730,512 GB
31459.01,Intel Core i5,256 GB,32 GB,Nvidia GeForce GT 730,256 GB
38293.14,Intel Core i5,2 TB,12 GB,Nvidia GeForce GTX 1650,2 TB
31974.76,Intel Core i5,1 TB,16 GB,NVIDIA GeForce GT1030,1 TB
29133.33,Intel Core i5,256 GB,16 GB,NVIDIA GeForce GT1030,256 GB
38725.67,Intel Core i5,4 TB,24 GB,Dahili Ekran Kartı,4 TB
36490.93,Intel Core i5,2 TB,12 GB,Nvidia GeForce GT 730,2 TB
33457.2,Intel Core i5,1 TB,64 GB,Dahili Ekran Kartı,1 TB
37719.33,Intel Core i5,4 TB,16 GB,Dahili Ekran Kartı,4 TB
36971.52,Intel Core i5,2 TB,64 GB,Dahili Ekran Kartı,2 TB
38941.93,Intel Core i5,1 TB,48 GB,Nvidia GeForce GTX 1650,1 TB
33198.91,Intel Core i5,512 GB,24 GB,Nvidia GeForce GT 730,512 GB
33216.71,Intel Core i5,512 GB,40 GB,NVIDIA GeForce GT1030,512 GB
32088.09,Intel Core i5,512 GB,36 GB,AMD Radeon RX550,512 GB
40874.07,Intel Core i5,2 TB,16 GB,Nvidia GeForce GTX 1650,2 TB
34510.74,Intel Core i5,2 TB,12 GB,Nvidia GeForce GT 730,2 TB
36553.23,Intel Core i5,2 TB,36 GB,Nvidia GeForce GT 730,2 TB
38266.44,Intel Core i5,2 TB,40 GB,AMD Radeon RX550,2 TB
29834.8,Intel Core i5,256 GB,40 GB,Dahili Ekran Kartı,256 GB
37091.67,Intel Core i5,2 TB,16 GB,Nvidia GeForce GT 730,2 TB
39137.72,Intel Core i5,1 TB,64 GB,NVIDIA GeForce GT1030,1 TB
33439.2,Intel Core i5,256 GB,36 GB,Nvidia GeForce GT 730,256 GB
31214.26,Intel Core i5,256 GB,32 GB,Dahili Ekran Kartı,256 GB
40874.07,Intel Core i5,2 TB,20 GB,Nvidia GeForce GTX 1650,2 TB
33895.76,Intel Core i5,1 TB,12 GB,Nvidia GeForce GT 730,1 TB
41474.8,Intel Core i5,2 TB,24 GB,Nvidia GeForce GTX 1650,2 TB
27792.3,Intel Core i5,512 GB,8 GB,Dahili Ekran Kartı,512 GB
31405.06,Intel Core i5,256 GB,36 GB,AMD Radeon RX550,256 GB
34959.87,Intel Core i5,1 TB,12 GB,Nvidia GeForce GTX 1650,1 TB
37194.91,Intel Core i5,256 GB,64 GB,AMD Radeon RX550,256 GB
34293.03,Intel Core i5,2 TB,20 GB,Nvidia GeForce GT 730,2 TB
30291.36,Intel Core i5,1 TB,16 GB,Dahili Ekran Kartı,1 TB
40335.63,Intel Core i5,2 TB,32 GB,Nvidia GeForce GTX 1650,2 TB
35642.91,Intel Core i5,1 TB,20 GB,Nvidia GeForce GTX 1650,1 TB
30617.98,Intel Core i5,512 GB,20 GB,Nvidia GeForce GT 730,512 GB
29765.77,Intel Core i5,256 GB,20 GB,AMD Radeon RX550,256 GB
34328.29,Intel Core i5,2 TB,32 GB,Dahili Ekran Kartı,2 TB
32509.18,Intel Core i5,256 GB,8 GB,AMD Radeon RX550,256 GB
39504.39,Intel Core i5,4 TB,12 GB,Dahili Ekran Kartı,4 TB
32821.72,Intel Core i5,512 GB,48 GB,NVIDIA GeForce GT1030,512 GB
38278.9,Intel Core i5,1 TB,20 GB,Nvidia GeForce GTX 1650,1 TB
36899.43,Intel Core i5,1 TB,24 GB,Nvidia GeForce GTX 1650,1 TB
40881.53,Intel Core i5,4 TB,16 GB,NVIDIA GeForce GT1030,4 TB
36909.22,Intel Core i5,2 TB,40 GB,Dahili Ekran Kartı,2 TB
38124.93,Intel Core i5,4 TB,16 GB,Dahili Ekran Kartı,4 TB
33109.91,Intel Core i5,256 GB,16 GB,AMD Radeon RX550,256 GB
29133.33,Intel Core i5,512 GB,12 GB,NVIDIA GeForce GT1030,512 GB
36619.39,Intel Core i5,1 TB,64 GB,NVIDIA GeForce GT1030,1 TB
36407.91,Intel Core i5,2 TB,64 GB,Dahili Ekran Kartı,2 TB
35667.71,Intel Core i5,2 TB,16 GB,NVIDIA GeForce GT1030,2 TB
29834.8,Intel Core i5,512 GB,36 GB,Dahili Ekran Kartı,512 GB
32285.79,Intel Core i5,2 TB,8 GB,Dahili Ekran Kartı,2 TB
31174.21,Intel Core i5,512 GB,20 GB,NVIDIA GeForce GT1030,512 GB
40881.53,Intel Core i5,4 TB,20 GB,NVIDIA GeForce GT1030,4 TB
31405.06,Intel Core i5,256 GB,32 GB,AMD Radeon RX550,256 GB
40249.09,Intel Core i5,4 TB,16 GB,Nvidia GeForce GT 730,4 TB
30772.62,Intel Core i5,256 GB,32 GB,NVIDIA GeForce GT1030,256 GB
36442.88,Intel Core i5,256 GB,48 GB,Nvidia GeForce GTX 1650,256 GB
29183.93,Intel Core i5,256 GB,24 GB,Nvidia GeForce GT 730,256 GB
31080.24,Intel Core i5,2 TB,12 GB,Dahili Ekran Kartı,2 TB
33710.65,Intel Core i5,512 GB,16 GB,AMD Radeon RX550,512 GB
40321.39,Intel Core i5,1 TB,40 GB,Nvidia GeForce GTX 1650,1 TB
40830.94,Intel Core i5,4 TB,12 GB,AMD Radeon RX550,4 TB
33484.52,Intel Core i5,256 GB,24 GB,Nvidia GeForce GTX 1650,256 GB
36380.58,Intel Core i5,256 GB,24 GB,Nvidia GeForce GTX 1650,256 GB
36298.7,Intel Core i5,1 TB,16 GB,Nvidia GeForce GTX 1650,1 TB
36538.99,Intel Core i5,1 TB,40 GB,Nvidia GeForce GT 730,1 TB
33710.65,Intel Core i5,512 GB,20 GB,AMD Radeon RX550,512 GB
30017.24,Intel Core i5,256 GB,16 GB,Nvidia GeForce GT 730,256 GB
29834.8,Intel Core i5,512 GB,32 GB,Dahili Ekran Kartı,512 GB
32138.69,Intel Core i5,512 GB,40 GB,NVIDIA GeForce GT1030,512 GB
36356.55,Intel Core i5,1 TB,64 GB,Dahili Ekran Kartı,1 TB
39720.66,Intel Core i5,1 TB,36 GB,Nvidia GeForce GTX 1650,1 TB
34400.38,Intel Core i5,512 GB,20 GB,Nvidia GeForce GTX 1650,512 GB
32801.48,Intel Core i5,512 GB,8 GB,Nvidia GeForce GTX 1650,512 GB
40932.13,Intel Core i5,4 TB,24 GB,Nvidia GeForce GT 730,4 TB
29133.33,Intel Core i5,512 GB,8 GB,NVIDIA GeForce GT1030,512 GB
34514.3,Intel Core i5,1 TB,36 GB,NVIDIA GeForce GT1030,1 TB
34347.67,Intel Core i5,1 TB,48 GB,Nvidia GeForce GT 730,1 TB
37910.58,Intel Core i5,2 TB,8 GB,Nvidia GeForce GTX 1650,2 TB
33154.41,Intel Core i5,512 GB,16 GB,NVIDIA GeForce GT1030,512 GB
30528.98,Intel Core i5,256 GB,12 GB,AMD Radeon RX550,256 GB
29171.77,Intel Core i5,256 GB,8 GB,Dahili Ekran Kartı,256 GB
37665.7,Intel Core i5,2 TB,36 GB,AMD Radeon RX550,2 TB
32615.98,Intel Core i5,256 GB,40 GB,NVIDIA GeForce GT1030,256 GB
30823.21,Intel Core i5,256 GB,40 GB,Nvidia GeForce GT 730,256 GB
34866.73,Intel Core i5,2 TB,20 GB,Dahili Ekran Kartı,2 TB
40202.54,Intel Core i5,2 TB,64 GB,AMD Radeon RX550,2 TB
37247.79,Intel Core i5,2 TB,40 GB,NVIDIA GeForce GT1030,2 TB
37109.47,Intel Core i5,2 TB,32 GB,NVIDIA GeForce GT1030,2 TB
37197.19,Intel Core i5,2 TB,36 GB,AMD Radeon RX550,2 TB
29816.37,Intel Core i5,512 GB,16 GB,NVIDIA GeForce GT1030,512 GB
34551.67,Intel Core i5,256 GB,36 GB,AMD Radeon RX550,256 GB
38204.14,Intel Core i5,2 TB,20 GB,AMD Radeon RX550,2 TB
33454.16,Intel Core i5,512 GB,48 GB,AMD Radeon RX550,512 GB
34265.99,Intel Core i5,2 TB,8 GB,Dahili Ekran Kartı,2 TB
31396.71,Intel Core i5,256 GB,8 GB,Nvidia GeForce GT 730,256 GB
28129.52,Intel Core i5,1 TB,8 GB,Dahili Ekran Kartı,1 TB
32801.48,Intel Core i5,256 GB,20 GB,Nvidia GeForce GTX 1650,256 GB
29972.74,Intel Core i5,256 GB,12 GB,NVIDIA GeForce GT1030,256 GB
33710.65,Intel Core i5,256 GB,24 GB,AMD Radeon RX550,256 GB
33402.55,Intel Core i5,2 TB,32 GB,Dahili Ekran Kartı,2 TB
36308.49,Intel Core i5,2 TB,32 GB,Dahili Ekran Kartı,2 TB
39089.67,Intel Core i5,2 TB,32 GB,NVIDIA GeForce GT1030,2 TB
30659.28,Intel Core i5,1 TB,12 GB,Nvidia GeForce GT 730,1 TB
38893.87,Intel Core i5,2 TB,16 GB,Nvidia GeForce GTX 1650,2 TB
37109.47,Intel Core i5,2 TB,36 GB,NVIDIA GeForce GT1030,2 TB
40273.33,Intel Core i5,2 TB,12 GB,Nvidia GeForce GTX 1650,2 TB
32015.24,Intel Core i5,256 GB,32 GB,NVIDIA GeForce GT1030,256 GB
37091.67,Intel Core i5,2 TB,20 GB,Nvidia GeForce GT 730,2 TB
34246.48,Intel Core i5,1 TB,36 GB,AMD Radeon RX550,1 TB
36683.17,Intel Core i5,512 GB,64 GB,Nvidia GeForce GT 730,512 GB
35608.97,Intel Core i5,1 TB,16 GB,AMD Radeon RX550,1 TB
41513.97,Intel Core i5,4 TB,20 GB,AMD Radeon RX550,4 TB
32553.68,Intel Core i5,512 GB,8 GB,NVIDIA GeForce GT1030,512 GB
38563.26,Intel Core i5,2 TB,48 GB,AMD Radeon RX550,2 TB
39734.9,Intel Core i5,2 TB,48 GB,Nvidia GeForce GT 730,2 TB
29234.06,Intel Core i5,256 GB,36 GB,Dahili Ekran Kartı,256 GB
31455.65,Intel Core i5,512 GB,32 GB,NVIDIA GeForce GT1030,512 GB
33145.53,Intel Core i5,256 GB,64 GB,Nvidia GeForce GT 730,256 GB
25971.13,Intel Core i5,256 GB,20 GB,Dahili Ekran Kartı,256 GB
36223.94,Intel Core i5,2 TB,16 GB,AMD Radeon RX550,2 TB
39752.7,Intel Core i5,2 TB,64 GB,NVIDIA GeForce GT1030,2 TB
32118.45,Intel Core i5,256 GB,8 GB,Nvidia GeForce GTX 1650,256 GB
30573.48,Intel Core i5,512 GB,12 GB,NVIDIA GeForce GT1030,512 GB
37710.2,Intel Core i5,2 TB,40 GB,NVIDIA GeForce GT1030,2 TB
35623.21,Intel Core i5,2 TB,12 GB,AMD Radeon RX550,2 TB
29690.62,Intel Core i5,1 TB,12 GB,Dahili Ekran Kartı,1 TB
32516.3,Intel Core i5,1 TB,20 GB,Nvidia GeForce GT 730,1 TB
32660.47,Intel Core i5,256 GB,48 GB,Nvidia GeForce GT 730,256 GB
38893.87,Intel Core i5,2 TB,20 GB,Nvidia GeForce GTX 1650,2 TB
36615.35,Intel Core i5,2 TB,40 GB,Nvidia GeForce GT 730,2 TB
37050.73,Intel Core i5,1 TB,32 GB,AMD Radeon RX550,1 TB
40308.93,Intel Core i5,2 TB,64 GB,AMD Radeon RX550,2 TB
40198.5,Intel Core i5,4 TB,8 GB,NVIDIA GeForce GT1030,4 TB
39396.56,Intel Core i5,4 TB,48 GB,NVIDIA GeForce GT1030,4 TB
33087.66,Intel Core i5,512 GB,24 GB,Nvidia GeForce GTX 1650,512 GB
33585.49,Intel Core i3,4 TB,64 GB,Dahili Ekran Kartı,4 TB
25092.89,Intel Core i3,256 GB,32 GB,NVIDIA GeForce GT1030,256 GB
29408.39,Intel Core i3,2 TB,48 GB,NVIDIA GeForce GT1030,2 TB
28374.41,Intel Core i5,512 GB,8 GB,Nvidia GeForce GTX 1650,512 GB
33983.76,Intel Core i3,4 TB,16 GB,NVIDIA GeForce GT1030,4 TB
25326.05,Intel Core i5,256 GB,24 GB,NVIDIA GeForce GT1030,256 GB
41035.85,Intel Core i5,4 TB,64 GB,NVIDIA GeForce GT1030,4 TB
30787.85,Intel Core i3,2 TB,40 GB,NVIDIA GeForce GT1030,2 TB
21797.03,Intel Core i5,512 GB,8 GB,Dahili Ekran Kartı,512 GB
27825.68,Intel Core i5,512 GB,24 GB,NVIDIA GeForce GT1030,512 GB
38811.18,Intel Core i5,2 TB,64 GB,Nvidia GeForce GTX 1650,2 TB
27913.36,Intel Core i3,4 TB,16 GB,Dahili Ekran Kartı,4 TB
31379.76,Intel Core i5,512 GB,40 GB,Nvidia GeForce GTX 1650,512 GB
30235.68,Intel Core i3,4 TB,40 GB,Dahili Ekran Kartı,4 TB
23050.4,Intel Core i3,256 GB,8 GB,NVIDIA GeForce GT1030,256 GB
23190.57,Intel Core i3,256 GB,40 GB,Dahili Ekran Kartı,256 GB
26442.56,Intel Core i3,2 TB,32 GB,NVIDIA GeForce GT1030,2 TB
31379.76,Intel Core i5,256 GB,48 GB,Nvidia GeForce GTX 1650,256 GB
28604.41,Intel Core i5,256 GB,20 GB,NVIDIA GeForce GT1030,256 GB
34399.49,Intel Core i5,2 TB,12 GB,Nvidia GeForce GTX 1650,2 TB
27484.44,Intel Core i5,1 TB,16 GB,NVIDIA GeForce GT1030,1 TB
25092.89,Intel Core i3,256 GB,36 GB,NVIDIA GeForce GT1030,256 GB
26906.13,Intel Core i5,2 TB,8 GB,Dahili Ekran Kartı,2 TB
21169.53,Intel Core i3,1 TB,8 GB,NVIDIA GeForce GT1030,1 TB
33483.51,Intel Core i5,2 TB,8 GB,Nvidia GeForce GTX 1650,2 TB
29970.68,Intel Core i5,512 GB,64 GB,NVIDIA GeForce GT1030,512 GB
30918.71,Intel Core i3,4 TB,48 GB,Dahili Ekran Kartı,4 TB
21748.8,Intel Core i3,512 GB,20 GB,Dahili Ekran Kartı,512 GB
26624.21,Intel Core i5,256 GB,16 GB,NVIDIA GeForce GT1030,256 GB
33327.96,Intel Core i5,256 GB,32 GB,Nvidia GeForce GTX 1650,256 GB
33208.26,Intel Core i5,1 TB,64 GB,NVIDIA GeForce GT1030,1 TB
30187.12,Intel Core i3,2 TB,32 GB,NVIDIA GeForce GT1030,2 TB
31285.46,Intel Core i5,256 GB,12 GB,Nvidia GeForce GTX 1650,256 GB
23046.39,Intel Core i3,1 TB,12 GB,Dahili Ekran Kartı,1 TB
21748.8,Intel Core i3,256 GB,24 GB,Dahili Ekran Kartı,256 GB
26765.16,Intel Core i3,2 TB,16 GB,NVIDIA GeForce GT1030,2 TB
22271.67,Intel Core i3,512 GB,20 GB,NVIDIA GeForce GT1030,512 GB
35805.82,Intel Core i5,2 TB,36 GB,Nvidia GeForce GTX 1650,2 TB
31247.64,Intel Core i5,512 GB,40 GB,NVIDIA GeForce GT1030,512 GB
31247.64,Intel Core i5,256 GB,48 GB,NVIDIA GeForce GT1030,256 GB
27684.06,Intel Core i3,2 TB,36 GB,Dahili Ekran Kartı,2 TB
31886.19,Intel Core i5,256 GB,20 GB,Nvidia GeForce GTX 1650,256 GB
22271.67,Intel Core i3,512 GB,16 GB,NVIDIA GeForce GT1030,512 GB
28336.86,Intel Core i3,512 GB,64 GB,NVIDIA GeForce GT1030,512 GB
35803.43,Intel Core i5,2 TB,64 GB,NVIDIA GeForce GT1030,2 TB
27589.17,Intel Core i5,2 TB,16 GB,Dahili Ekran Kartı,2 TB
23112.69,Intel Core i3,256 GB,32 GB,NVIDIA GeForce GT1030,256 GB
26290.36,Intel Core i3,1 TB,48 GB,Dahili Ekran Kartı,1 TB
26441.67,Intel Core i5,256 GB,64 GB,Dahili Ekran Kartı,256 GB
30532.8,Intel Core i5,1 TB,8 GB,Nvidia GeForce GTX 1650,1 TB
32545.22,Intel Core i5,1 TB,32 GB,NVIDIA GeForce GT1030,1 TB
33097.9,Intel Core i5,2 TB,12 GB,NVIDIA GeForce GT1030,2 TB
31886.19,Intel Core i5,256 GB,16 GB,Nvidia GeForce GTX 1650,256 GB
27913.36,Intel Core i3,4 TB,20 GB,Dahili Ekran Kartı,4 TB
25233.06,Intel Core i3,256 GB,64 GB,Dahili Ekran Kartı,256 GB
32003.56,Intel Core i3,4 TB,20 GB,NVIDIA GeForce GT1030,4 TB
29123.72,Intel Core i5,1 TB,32 GB,NVIDIA GeForce GT1030,1 TB
40805.64,Intel Core i5,4 TB,24 GB,Nvidia GeForce GTX 1650,4 TB
36980.42,Intel Core i5,2 TB,20 GB,Nvidia GeForce GTX 1650,2 TB
20645.87,Intel Core i3,1 TB,32 GB,Dahili Ekran Kartı,1 TB
27589.17,Intel Core i5,2 TB,20 GB,Dahili Ekran Kartı,2 TB
24174.88,Intel Core i3,1 TB,40 GB,NVIDIA GeForce GT1030,1 TB
32855.11,Intel Core i5,1 TB,36 GB,Nvidia GeForce GTX 1650,1 TB
25693.63,Intel Core i3,512 GB,36 GB,NVIDIA GeForce GT1030,512 GB
32319.17,Intel Core i5,2 TB,24 GB,NVIDIA GeForce GT1030,2 TB
26965.33,Intel Core i5,512 GB,32 GB,NVIDIA GeForce GT1030,512 GB
29752.11,Intel Core i5,2 TB,12 GB,NVIDIA GeForce GT1030,2 TB
31388.59,Intel Core i3,2 TB,48 GB,NVIDIA GeForce GT1030,2 TB
25703.86,Intel Core i3,2 TB,36 GB,Dahili Ekran Kartı,2 TB
25693.63,Intel Core i3,256 GB,40 GB,NVIDIA GeForce GT1030,256 GB
24251.86,Intel Core i3,256 GB,24 GB,NVIDIA GeForce GT1030,256 GB
26019.47,Intel Core i5,1 TB,12 GB,Dahili Ekran Kartı,1 TB
31796.31,Intel Core i5,2 TB,24 GB,Dahili Ekran Kartı,2 TB
26212.48,Intel Core i3,1 TB,40 GB,NVIDIA GeForce GT1030,1 TB
24857.91,Intel Core i3,1 TB,48 GB,NVIDIA GeForce GT1030,1 TB
38398.6,Intel Core i5,4 TB,32 GB,NVIDIA GeForce GT1030,4 TB
36956.84,Intel Core i5,4 TB,20 GB,NVIDIA GeForce GT1030,4 TB
31402.83,Intel Core i3,4 TB,12 GB,NVIDIA GeForce GT1030,4 TB
22480.07,Intel Core i5,256 GB,24 GB,Dahili Ekran Kartı,256 GB
20547.34,Intel Core i3,256 GB,8 GB,Dahili Ekran Kartı,256 GB
38189.87,Intel Core i5,4 TB,64 GB,Dahili Ekran Kartı,4 TB
34221.18,Intel Core i5,1 TB,48 GB,Nvidia GeForce GTX 1650,1 TB
38030.49,Intel Core i5,4 TB,36 GB,NVIDIA GeForce GT1030,4 TB
20650.42,Intel Core i3,256 GB,36 GB,NVIDIA GeForce GT1030,256 GB
22271.67,Intel Core i3,256 GB,24 GB,NVIDIA GeForce GT1030,256 GB
21169.53,Intel Core i3,1 TB,12 GB,NVIDIA GeForce GT1030,1 TB
33698.63,Intel Core i5,2 TB,20 GB,NVIDIA GeForce GT1030,2 TB
25755.92,Intel Core i3,256 GB,64 GB,NVIDIA GeForce GT1030,256 GB
30502.73,Intel Core i5,1 TB,12 GB,NVIDIA GeForce GT1030,1 TB
38398.6,Intel Core i5,4 TB,36 GB,NVIDIA GeForce GT1030,4 TB
28206.92,Intel Core i3,2 TB,36 GB,NVIDIA GeForce GT1030,2 TB
27648.36,Intel Core i5,256 GB,48 GB,NVIDIA GeForce GT1030,256 GB
25088.89,Intel Core i3,1 TB,36 GB,Dahili Ekran Kartı,1 TB
25611.75,Intel Core i3,1 TB,36 GB,NVIDIA GeForce GT1030,1 TB
28374.41,Intel Core i5,512 GB,12 GB,Nvidia GeForce GTX 1650,512 GB
25611.75,Intel Core i3,1 TB,32 GB,NVIDIA GeForce GT1030,1 TB
30489.79,Intel Core i5,1 TB,48 GB,NVIDIA GeForce GT1030,1 TB
27808.62,Intel Core i3,2 TB,48 GB,NVIDIA GeForce GT1030,2 TB
21148.07,Intel Core i3,512 GB,12 GB,Dahili Ekran Kartı,512 GB
31107.47,Intel Core i5,512 GB,24 GB,Nvidia GeForce GTX 1650,512 GB
31718.43,Intel Core i5,2 TB,20 GB,NVIDIA GeForce GT1030,2 TB
37171.89,Intel Core i5,2 TB,48 GB,Nvidia GeForce GTX 1650,2 TB
30696.72,Intel Core i5,512 GB,36 GB,Nvidia GeForce GTX 1650,512 GB
33216.15,Intel Core i3,4 TB,24 GB,AMD Radeon RX550,4 TB
26367.78,Intel Core i3,256 GB,64 GB,AMD Radeon RX550,256 GB
30020.25,Intel Core i3,2 TB,48 GB,AMD Radeon RX550,2 TB
25498.96,Intel Core i3,2 TB,16 GB,AMD Radeon RX550,2 TB
29205.14,Intel Core i5,512 GB,16 GB,NVIDIA GeForce GT1030,512 GB
23724.55,Intel Core i3,256 GB,32 GB,AMD Radeon RX550,256 GB
36550.59,Intel Core i5,4 TB,48 GB,Dahili Ekran Kartı,4 TB
39548.89,Intel Core i5,4 TB,20 GB,AMD Radeon RX550,4 TB
32138.05,Intel Core i3,4 TB,24 GB,AMD Radeon RX550,4 TB
35196.35,Intel Core i3,4 TB,24 GB,AMD Radeon RX550,4 TB
28677.83,Intel Core i5,256 GB,36 GB,AMD Radeon RX550,256 GB
40149.63,Intel Core i5,4 TB,24 GB,AMD Radeon RX550,4 TB
37769.93,Intel Core i5,4 TB,24 GB,AMD Radeon RX550,4 TB
38169.43,Intel Core i5,4 TB,24 GB,AMD Radeon RX550,4 TB
33846.81,Intel Core i5,1 TB,32 GB,Nvidia GeForce GTX 1650,1 TB
31185.47,Intel Core i5,1 TB,48 GB,AMD Radeon RX550,1 TB
29724.0,Intel Core i5,1 TB,24 GB,NVIDIA GeForce GT1030,1 TB
21771.05,Intel Core i3,512 GB,20 GB,Nvidia GeForce GT 730,512 GB
25793.75,Intel Core i3,256 GB,48 GB,Nvidia GeForce GT 730,256 GB
29865.95,Intel Core i5,2 TB,16 GB,Nvidia GeForce GT 730,2 TB
25193.01,Intel Core i3,256 GB,40 GB,Nvidia GeForce GT 730,256 GB
30665.15,Intel Core i5,1 TB,40 GB,Nvidia GeForce GT 730,1 TB
24262.99,Intel Core i3,256 GB,16 GB,AMD Radeon RX550,256 GB
23813.55,Intel Core i3,512 GB,40 GB,Nvidia GeForce GT 730,512 GB
24325.29,Intel Core i3,512 GB,32 GB,AMD Radeon RX550,512 GB
29865.95,Intel Core i5,2 TB,20 GB,Nvidia GeForce GT 730,2 TB
29027.08,Intel Core i5,512 GB,48 GB,AMD Radeon RX550,512 GB
25338.7,Intel Core i5,512 GB,8 GB,AMD Radeon RX550,512 GB
35240.52,Intel Core i5,2 TB,40 GB,Nvidia GeForce GT 730,2 TB
32188.27,Intel Core i5,2 TB,40 GB,Nvidia GeForce GT 730,2 TB
28666.7,Intel Core i5,256 GB,40 GB,NVIDIA GeForce GT1030,256 GB
39439.57,Intel Core i5,4 TB,8 GB,Nvidia GeForce GTX 1650,4 TB
25111.14,Intel Core i3,1 TB,32 GB,Nvidia GeForce GT 730,1 TB
35805.82,Intel Core i5,2 TB,32 GB,Nvidia GeForce GTX 1650,2 TB
26305.48,Intel Core i3,512 GB,36 GB,AMD Radeon RX550,512 GB
23551.04,Intel Core i3,2 TB,12 GB,Nvidia GeForce GT 730,2 TB
28948.72,Intel Core i3,512 GB,64 GB,AMD Radeon RX550,512 GB
30847.04,Intel Core i3,1 TB,64 GB,AMD Radeon RX550,1 TB
38937.03,Intel Core i5,4 TB,16 GB,NVIDIA GeForce GT1030,4 TB
27836.8,Intel Core i5,512 GB,20 GB,AMD Radeon RX550,512 GB
38422.18,Intel Core i5,2 TB,36 GB,Nvidia GeForce GTX 1650,2 TB
33238.07,Intel Core i5,2 TB,40 GB,Dahili Ekran Kartı,2 TB
25321.49,Intel Core i5,1 TB,24 GB,Dahili Ekran Kartı,1 TB
36415.29,Intel Core i5,2 TB,64 GB,AMD Radeon RX550,2 TB
26865.28,Intel Core i3,2 TB,24 GB,Nvidia GeForce GT 730,2 TB
30002.11,Intel Core i5,1 TB,8 GB,Nvidia GeForce GT 730,1 TB
33983.76,Intel Core i3,4 TB,20 GB,NVIDIA GeForce GT1030,4 TB
20389.85,Intel Core i3,512 GB,16 GB,AMD Radeon RX550,512 GB
36403.86,Intel Core i5,4 TB,12 GB,AMD Radeon RX550,4 TB
26915.24,Intel Core i5,1 TB,16 GB,Nvidia GeForce GT 730,1 TB
22548.24,Intel Core i3,1 TB,16 GB,AMD Radeon RX550,1 TB
31704.19,Intel Core i5,1 TB,24 GB,NVIDIA GeForce GT1030,1 TB
33757.82,Intel Core i5,1 TB,40 GB,AMD Radeon RX550,1 TB
27543.11,Intel Core i5,256 GB,32 GB,Dahili Ekran Kartı,256 GB
30617.09,Intel Core i5,2 TB,12 GB,Nvidia GeForce GT 730,2 TB
39010.46,Intel Core i5,4 TB,36 GB,AMD Radeon RX550,4 TB
28604.41,Intel Core i5,512 GB,8 GB,NVIDIA GeForce GT1030,512 GB
30143.59,Intel Core i3,2 TB,64 GB,AMD Radeon RX550,2 TB
39099.46,Intel Core i5,4 TB,48 GB,Nvidia GeForce GT 730,4 TB
34083.88,Intel Core i3,4 TB,24 GB,Nvidia GeForce GT 730,4 TB
20569.59,Intel Core i3,256 GB,12 GB,Nvidia GeForce GT 730,256 GB
30879.96,Intel Core i3,4 TB,8 GB,Dahili Ekran Kartı,4 TB
28899.77,Intel Core i3,4 TB,8 GB,Dahili Ekran Kartı,4 TB
27565.36,Intel Core i5,256 GB,36 GB,Nvidia GeForce GT 730,256 GB
33198.02,Intel Core i5,2 TB,20 GB,Nvidia GeForce GT 730,2 TB
33772.06,Intel Core i5,2 TB,36 GB,AMD Radeon RX550,2 TB
28614.64,Intel Core i5,2 TB,8 GB,Dahili Ekran Kartı,2 TB
31859.5,Intel Core i5,256 GB,48 GB,AMD Radeon RX550,256 GB
23231.28,Intel Core i3,1 TB,24 GB,AMD Radeon RX550,1 TB
27236.07,Intel Core i5,256 GB,20 GB,AMD Radeon RX550,256 GB
28662.7,Intel Core i5,1 TB,40 GB,Dahili Ekran Kartı,1 TB
38713.53,Intel Core i5,4 TB,40 GB,NVIDIA GeForce GT1030,4 TB
24325.29,Intel Core i3,512 GB,36 GB,AMD Radeon RX550,512 GB
21170.32,Intel Core i3,512 GB,12 GB,Nvidia GeForce GT 730,512 GB
27999.67,Intel Core i5,1 TB,12 GB,Dahili Ekran Kartı,1 TB
21170.32,Intel Core i3,256 GB,16 GB,Nvidia GeForce GT 730,256 GB
21346.1,Intel Core i3,256 GB,32 GB,AMD Radeon RX550,256 GB
29346.09,Intel Core i3,2 TB,24 GB,NVIDIA GeForce GT1030,2 TB
20547.34,Intel Core i3,256 GB,12 GB,Dahili Ekran Kartı,256 GB
20600.33,Intel Core i3,1 TB,8 GB,Nvidia GeForce GT 730,1 TB
32378.35,Intel Core i5,1 TB,48 GB,AMD Radeon RX550,1 TB
33160.2,Intel Core i5,2 TB,32 GB,NVIDIA GeForce GT1030,2 TB
29740.47,Intel Core i5,512 GB,24 GB,Nvidia GeForce GTX 1650,512 GB
29357.21,Intel Core i3,2 TB,16 GB,AMD Radeon RX550,2 TB
26123.6,Intel Core i5,512 GB,8 GB,Nvidia GeForce GT 730,512 GB
32512.46,Intel Core i3,4 TB,40 GB,Nvidia GeForce GT 730,4 TB
35587.94,Intel Core i3,4 TB,64 GB,Nvidia GeForce GT 730,4 TB
21670.93,Intel Core i3,256 GB,16 GB,NVIDIA GeForce GT1030,256 GB
31718.43,Intel Core i5,2 TB,16 GB,NVIDIA GeForce GT1030,2 TB
36441.99,Intel Core i5,2 TB,36 GB,Nvidia GeForce GTX 1650,2 TB
28600.4,Intel Core i5,1 TB,20 GB,Dahili Ekran Kartı,1 TB
27362.78,Intel Core i3,1 TB,24 GB,AMD Radeon RX550,1 TB
30447.8,Intel Core i5,2 TB,8 GB,AMD Radeon RX550,2 TB
30480.03,Intel Core i5,512 GB,48 GB,AMD Radeon RX550,512 GB
25751.92,Intel Core i3,1 TB,64 GB,Dahili Ekran Kartı,1 TB
27325.06,Intel Core i5,512 GB,24 GB,Nvidia GeForce GT 730,512 GB
33094.3,Intel Core i3,4 TB,36 GB,AMD Radeon RX550,4 TB
31347.76,Intel Core i5,256 GB,36 GB,Nvidia GeForce GTX 1650,256 GB
31848.37,Intel Core i5,512 GB,48 GB,NVIDIA GeForce GT1030,512 GB
29983.33,Intel Core i5,256 GB,64 GB,AMD Radeon RX550,256 GB
27365.11,Intel Core i5,512 GB,48 GB,Dahili Ekran Kartı,512 GB
39409.21,Intel Core i5,4 TB,40 GB,AMD Radeon RX550,4 TB
24187.53,Intel Core i3,1 TB,32 GB,AMD Radeon RX550,1 TB
28437.54,Intel Core i5,512 GB,24 GB,AMD Radeon RX550,512 GB
26101.35,Intel Core i5,512 GB,8 GB,Dahili Ekran Kartı,512 GB
37568.14,Intel Core i3,4 TB,64 GB,Nvidia GeForce GT 730,4 TB
23791.3,Intel Core i3,512 GB,40 GB,Dahili Ekran Kartı,512 GB
22548.24,Intel Core i3,1 TB,20 GB,AMD Radeon RX550,1 TB
29305.26,Intel Core i5,512 GB,24 GB,Nvidia GeForce GT 730,512 GB
27192.88,Intel Core i3,1 TB,64 GB,AMD Radeon RX550,1 TB
30327.29,Intel Core i3,2 TB,64 GB,Dahili Ekran Kartı,2 TB
34453.78,Intel Core i5,4 TB,20 GB,Dahili Ekran Kartı,4 TB
25549.45,Intel Core i3,1 TB,8 GB,NVIDIA GeForce GT1030,1 TB
24721.88,Intel Core i5,512 GB,16 GB,Dahili Ekran Kartı,512 GB
27224.94,Intel Core i5,512 GB,16 GB,NVIDIA GeForce GT1030,512 GB
21811.1,Intel Core i3,512 GB,40 GB,Dahili Ekran Kartı,512 GB
25439.89,Intel Core i5,512 GB,24 GB,Nvidia GeForce GT 730,512 GB
22480.07,Intel Core i5,512 GB,20 GB,Dahili Ekran Kartı,512 GB
26394.48,Intel Core i3,512 GB,48 GB,Nvidia GeForce GT 730,512 GB
28615.53,Intel Core i5,256 GB,12 GB,AMD Radeon RX550,256 GB
31829.42,Intel Core i3,4 TB,32 GB,Nvidia GeForce GT 730,4 TB
32789.52,Intel Core i5,512 GB,64 GB,Nvidia GeForce GT 730,512 GB
24721.88,Intel Core i5,512 GB,20 GB,Dahili Ekran Kartı,512 GB
29868.17,Intel Core i5,512 GB,48 GB,NVIDIA GeForce GT1030,512 GB
36571.92,Intel Core i5,512 GB,64 GB,Nvidia GeForce GTX 1650,512 GB
36441.99,Intel Core i5,2 TB,32 GB,Nvidia GeForce GTX 1650,2 TB
23853.6,Intel Core i3,512 GB,64 GB,Dahili Ekran Kartı,512 GB
26724.33,Intel Core i5,256 GB,24 GB,Nvidia GeForce GT 730,256 GB
38948.16,Intel Core i5,4 TB,12 GB,AMD Radeon RX550,4 TB
25338.7,Intel Core i5,256 GB,16 GB,AMD Radeon RX550,256 GB
26702.08,Intel Core i5,512 GB,16 GB,Dahili Ekran Kartı,512 GB
30617.09,Intel Core i5,2 TB,8 GB,Nvidia GeForce GT 730,2 TB
26977.98,Intel Core i5,256 GB,36 GB,AMD Radeon RX550,256 GB
26123.6,Intel Core i5,256 GB,20 GB,Nvidia GeForce GT 730,256 GB
29216.26,Intel Core i5,256 GB,20 GB,AMD Radeon RX550,256 GB
26021.73,Intel Core i5,512 GB,20 GB,AMD Radeon RX550,512 GB
23395.21,Intel Core i3,512 GB,48 GB,AMD Radeon RX550,512 GB
34146.18,Intel Core i3,4 TB,48 GB,Nvidia GeForce GT 730,4 TB
40990.66,Intel Core i5,4 TB,32 GB,AMD Radeon RX550,4 TB
23150.52,Intel Core i3,512 GB,12 GB,Nvidia GeForce GT 730,512 GB
23252.87,Intel Core i3,256 GB,64 GB,Dahili Ekran Kartı,256 GB
29957.95,Intel Core i3,2 TB,24 GB,AMD Radeon RX550,2 TB
37074.25,Intel Core i5,4 TB,24 GB,NVIDIA GeForce GT1030,4 TB
34385.25,Intel Core i5,1 TB,20 GB,Nvidia GeForce GTX 1650,1 TB
35708.18,Intel Core i5,4 TB,8 GB,NVIDIA GeForce GT1030,4 TB
32597.29,Intel Core i5,2 TB,8 GB,Nvidia GeForce GT 730,2 TB
29357.21,Intel Core i3,2 TB,20 GB,AMD Radeon RX550,2 TB
25704.75,Intel Core i3,256 GB,32 GB,AMD Radeon RX550,256 GB
33861.05,Intel Core i5,2 TB,48 GB,Nvidia GeForce GT 730,2 TB
26620.2,Intel Core i5,1 TB,16 GB,Dahili Ekran Kartı,1 TB
31347.76,Intel Core i5,512 GB,48 GB,Nvidia GeForce GT 730,512 GB
22712.17,Intel Core i3,256 GB,48 GB,AMD Radeon RX550,256 GB
23551.04,Intel Core i3,2 TB,8 GB,Nvidia GeForce GT 730,2 TB
33994.88,Intel Core i3,4 TB,12 GB,AMD Radeon RX550,4 TB
25856.05,Intel Core i3,512 GB,64 GB,Nvidia GeForce GT 730,512 GB
38436.42,Intel Core i5,4 TB,20 GB,Nvidia GeForce GT 730,4 TB
29182.92,Intel Core i5,2 TB,12 GB,Nvidia GeForce GT 730,2 TB
30787.07,Intel Core i5,512 GB,64 GB,Dahili Ekran Kartı,512 GB
30771.98,Intel Core i3,4 TB,8 GB,AMD Radeon RX550,4 TB
33300.37,Intel Core i5,2 TB,64 GB,Dahili Ekran Kartı,2 TB
34639.78,Intel Core i5,2 TB,36 GB,Nvidia GeForce GT 730,2 TB
32486.93,Intel Core i5,512 GB,20 GB,Nvidia GeForce GTX 1650,512 GB
35138.98,Intel Core i5,4 TB,8 GB,Nvidia GeForce GT 730,4 TB
37238.85,Intel Core i3,4 TB,48 GB,AMD Radeon RX550,4 TB
25562.91,Intel Core i5,256 GB,36 GB,Dahili Ekran Kartı,256 GB
28103.79,Intel Core i5,256 GB,20 GB,Nvidia GeForce GT 730,256 GB
37643.45,Intel Core i5,2 TB,48 GB,Nvidia GeForce GTX 1650,2 TB
31559.88,Intel Core i5,1 TB,64 GB,Nvidia GeForce GT 730,1 TB
28804.54,Intel Core i3,1 TB,40 GB,AMD Radeon RX550,1 TB
29216.26,Intel Core i5,256 GB,16 GB,AMD Radeon RX550,256 GB
28907.78,Intel Core i3,2 TB,48 GB,Nvidia GeForce GT 730,2 TB
29806.75,Intel Core i5,1 TB,40 GB,NVIDIA GeForce GT1030,1 TB
33777.34,Intel Core i3,4 TB,40 GB,AMD Radeon RX550,4 TB
35140.39,Intel Core i5,2 TB,32 GB,NVIDIA GeForce GT1030,2 TB
29552.64,Intel Core i3,4 TB,32 GB,Dahili Ekran Kartı,4 TB
27239.43,Intel Core i3,2 TB,48 GB,Nvidia GeForce GT 730,2 TB
31258.76,Intel Core i5,512 GB,32 GB,AMD Radeon RX550,512 GB
23813.55,Intel Core i3,256 GB,48 GB,Nvidia GeForce GT 730,256 GB
37461.3,Intel Core i5,4 TB,36 GB,Nvidia GeForce GT 730,4 TB
22282.79,Intel Core i3,256 GB,16 GB,AMD Radeon RX550,256 GB
26702.08,Intel Core i5,512 GB,20 GB,Dahili Ekran Kartı,512 GB
40238.63,Intel Core i5,4 TB,16 GB,Nvidia GeForce GTX 1650,4 TB
22029.14,Intel Core i3,256 GB,40 GB,AMD Radeon RX550,256 GB
22130.33,Intel Core i3,512 GB,48 GB,Nvidia GeForce GT 730,512 GB
22883.52,Intel Core i3,512 GB,16 GB,AMD Radeon RX550,512 GB
34057.18,Intel Core i3,4 TB,36 GB,AMD Radeon RX550,4 TB
22640.33,Intel Core i3,2 TB,24 GB,Dahili Ekran Kartı,2 TB
31399.71,Intel Core i3,2 TB,40 GB,AMD Radeon RX550,2 TB
23212.82,Intel Core i3,512 GB,32 GB,Nvidia GeForce GT 730,512 GB
24592.28,Intel Core i3,256 GB,36 GB,Nvidia GeForce GT 730,256 GB
24181.11,Intel Core i3,1 TB,12 GB,AMD Radeon RX550,1 TB
21771.05,Intel Core i3,512 GB,16 GB,Nvidia GeForce GT 730,512 GB
30759.34,Intel Core i3,4 TB,16 GB,NVIDIA GeForce GT1030,4 TB
27565.36,Intel Core i5,256 GB,32 GB,Nvidia GeForce GT 730,256 GB
34834.78,Intel Core i3,4 TB,64 GB,Nvidia GeForce GT 730,4 TB
36126.38,Intel Core i3,4 TB,48 GB,Nvidia GeForce GT 730,4 TB
39623.65,Intel Core i5,2 TB,48 GB,Nvidia GeForce GTX 1650,2 TB
33301.26,Intel Core i5,256 GB,64 GB,AMD Radeon RX550,256 GB
32637.34,Intel Core i5,2 TB,32 GB,Dahili Ekran Kartı,2 TB
25048.84,Intel Core i3,1 TB,12 GB,Nvidia GeForce GT 730,1 TB
29367.56,Intel Core i5,512 GB,48 GB,Nvidia GeForce GT 730,512 GB
29735.12,Intel Core i5,1 TB,16 GB,AMD Radeon RX550,1 TB
33798.75,Intel Core i5,2 TB,24 GB,Nvidia GeForce GT 730,2 TB
33901.99,Intel Core i5,512 GB,64 GB,AMD Radeon RX550,512 GB
35403.97,Intel Core i3,4 TB,64 GB,NVIDIA GeForce GT1030,4 TB
26312.6,Intel Core i3,1 TB,48 GB,Nvidia GeForce GT 730,1 TB
32597.29,Intel Core i5,2 TB,12 GB,Nvidia GeForce GT 730,2 TB
22612.08,Intel Core i3,256 GB,32 GB,Nvidia GeForce GT 730,256 GB
32329.74,Intel Core i3,2 TB,64 GB,Nvidia GeForce GT 730,2 TB
40211.93,Intel Core i5,4 TB,48 GB,AMD Radeon RX550,4 TB
23769.61,Intel Core i3,512 GB,64 GB,Nvidia GeForce GT 730,512 GB
23662.25,Intel Core i3,256 GB,8 GB,AMD Radeon RX550,256 GB
29205.14,Intel Core i5,512 GB,20 GB,NVIDIA GeForce GT1030,512 GB
20764.26,Intel Core i3,256 GB,40 GB,Nvidia GeForce GT 730,256 GB
27836.24,Intel Core i3,512 GB,64 GB,Nvidia GeForce GT 730,512 GB
32862.2,Intel Core i5,4 TB,8 GB,Dahili Ekran Kartı,4 TB
33928.69,Intel Core i5,256 GB,40 GB,Nvidia GeForce GTX 1650,256 GB
26123.6,Intel Core i5,512 GB,12 GB,Nvidia GeForce GT 730,512 GB
23108.69,Intel Core i3,1 TB,32 GB,Dahili Ekran Kartı,1 TB
31309.93,Intel Core i5,512 GB,64 GB,NVIDIA GeForce GT1030,512 GB
25326.05,Intel Core i5,512 GB,20 GB,NVIDIA GeForce GT1030,512 GB
20645.87,Intel Core i3,1 TB,36 GB,Dahili Ekran Kartı,1 TB
30146.29,Intel Core i5,512 GB,36 GB,Nvidia GeForce GT 730,512 GB
31243.63,Intel Core i5,1 TB,48 GB,Dahili Ekran Kartı,1 TB
28347.98,Intel Core i3,256 GB,64 GB,AMD Radeon RX550,256 GB
33157.08,Intel Core i5,1 TB,32 GB,AMD Radeon RX550,1 TB
29263.43,Intel Core i5,1 TB,48 GB,Dahili Ekran Kartı,1 TB
23520.41,Intel Core i5,256 GB,12 GB,Dahili Ekran Kartı,256 GB
25663.81,Intel Core i3,2 TB,12 GB,Nvidia GeForce GT 730,2 TB
26965.33,Intel Core i5,256 GB,40 GB,NVIDIA GeForce GT1030,256 GB
30532.8,Intel Core i5,1 TB,12 GB,Nvidia GeForce GTX 1650,1 TB
29134.39,Intel Core i5,1 TB,8 GB,AMD Radeon RX550,1 TB
35425.52,Intel Core i3,4 TB,36 GB,NVIDIA GeForce GT1030,4 TB
28103.79,Intel Core i5,256 GB,16 GB,Nvidia GeForce GT 730,256 GB
34372.79,Intel Core i5,2 TB,40 GB,AMD Radeon RX550,2 TB
22011.94,Intel Core i3,1 TB,48 GB,Dahili Ekran Kartı,1 TB
33198.02,Intel Core i5,2 TB,16 GB,Nvidia GeForce GT 730,2 TB
30696.72,Intel Core i5,256 GB,40 GB,Nvidia GeForce GTX 1650,256 GB
33246.08,Intel Core i5,1 TB,48 GB,Nvidia GeForce GT 730,1 TB
38030.49,Intel Core i5,4 TB,32 GB,NVIDIA GeForce GT1030,4 TB
26843.03,Intel Core i3,2 TB,24 GB,Dahili Ekran Kartı,2 TB
28704.53,Intel Core i5,512 GB,16 GB,Nvidia GeForce GT 730,512 GB
26277.74,Intel Core i5,1 TB,32 GB,Dahili Ekran Kartı,1 TB
32659.58,Intel Core i5,2 TB,36 GB,Nvidia GeForce GT 730,2 TB
11749.0,Intel Core i5,,,AMD Radeon RX 550,Yok
32615.42,Intel Core i3,4 TB,20 GB,AMD Radeon RX550,4 TB
25873.36,Intel Core i3,2 TB,32 GB,Nvidia GeForce GT 730,2 TB
37034.71,Intel Core i5,4 TB,24 GB,Dahili Ekran Kartı,4 TB
26294.36,Intel Core i3,512 GB,40 GB,NVIDIA GeForce GT1030,512 GB
26123.6,Intel Core i5,256 GB,16 GB,Nvidia GeForce GT 730,256 GB
24314.16,Intel Core i3,512 GB,40 GB,NVIDIA GeForce GT1030,512 GB
28065.97,Intel Core i5,256 GB,36 GB,NVIDIA GeForce GT1030,256 GB
29278.56,Intel Core i5,512 GB,36 GB,AMD Radeon RX550,512 GB
39878.18,Intel Core i5,4 TB,36 GB,Nvidia GeForce GT 730,4 TB
30747.02,Intel Core i5,256 GB,48 GB,Nvidia GeForce GT 730,256 GB
32862.2,Intel Core i5,4 TB,12 GB,Dahili Ekran Kartı,4 TB
29278.56,Intel Core i5,256 GB,40 GB,AMD Radeon RX550,256 GB
34973.52,Intel Core i5,2 TB,48 GB,AMD Radeon RX550,2 TB
27079.17,Intel Core i5,256 GB,48 GB,Nvidia GeForce GT 730,256 GB
22549.78,Intel Core i3,256 GB,8 GB,Nvidia GeForce GT 730,256 GB
28704.53,Intel Core i5,256 GB,24 GB,Nvidia GeForce GT 730,256 GB
31886.19,Intel Core i5,512 GB,8 GB,Nvidia GeForce GTX 1650,512 GB
31176.88,Intel Core i5,1 TB,32 GB,AMD Radeon RX550,1 TB
28766.83,Intel Core i5,256 GB,48 GB,Nvidia GeForce GT 730,256 GB
30602.85,Intel Core i5,1 TB,20 GB,Nvidia GeForce GT 730,1 TB
32460.23,Intel Core i5,512 GB,48 GB,AMD Radeon RX550,512 GB
30506.73,Intel Core i5,512 GB,16 GB,Nvidia GeForce GTX 1650,512 GB
32707.64,Intel Core i5,1 TB,64 GB,Nvidia GeForce GT 730,1 TB
41079.65,Intel Core i5,4 TB,48 GB,Nvidia GeForce GT 730,4 TB
21447.29,Intel Core i3,512 GB,40 GB,Nvidia GeForce GT 730,512 GB
35800.31,Intel Core i5,1 TB,64 GB,AMD Radeon RX550,1 TB
31804.32,Intel Core i5,1 TB,12 GB,Nvidia GeForce GTX 1650,1 TB
33445.32,Intel Core i3,4 TB,36 GB,NVIDIA GeForce GT1030,4 TB
24073.82,Intel Core i5,256 GB,16 GB,Nvidia GeForce GT 730,256 GB
38680.61,Intel Core i3,4 TB,64 GB,AMD Radeon RX550,4 TB
29223.38,Intel Core i5,1 TB,24 GB,Nvidia GeForce GT 730,1 TB
30887.97,Intel Core i3,2 TB,48 GB,Nvidia GeForce GT 730,2 TB
37835.69,Intel Core i5,4 TB,12 GB,Nvidia GeForce GT 730,4 TB
37086.89,Intel Core i5,4 TB,16 GB,AMD Radeon RX550,4 TB
29819.4,Intel Core i5,1 TB,36 GB,AMD Radeon RX550,1 TB
39600.07,Intel Core i5,4 TB,48 GB,NVIDIA GeForce GT1030,4 TB
25382.58,Intel Core i3,1 TB,24 GB,AMD Radeon RX550,1 TB
35827.01,Intel Core i5,1 TB,36 GB,Nvidia GeForce GTX 1650,1 TB
29215.37,Intel Core i5,2 TB,16 GB,Dahili Ekran Kartı,2 TB
24756.85,Intel Core i5,512 GB,16 GB,Nvidia GeForce GT 730,512 GB
31103.46,Intel Core i5,1 TB,20 GB,NVIDIA GeForce GT1030,1 TB
34911.23,Intel Core i5,2 TB,24 GB,AMD Radeon RX550,2 TB
21682.06,Intel Core i3,256 GB,12 GB,AMD Radeon RX550,256 GB
37897.99,Intel Core i5,4 TB,36 GB,Nvidia GeForce GT 730,4 TB
24926.02,Intel Core i3,512 GB,40 GB,AMD Radeon RX550,512 GB
26223.61,Intel Core i3,1 TB,36 GB,AMD Radeon RX550,1 TB
28554.52,Intel Core i5,1 TB,36 GB,Nvidia GeForce GT 730,1 TB
24288.72,Intel Core i3,1 TB,48 GB,Nvidia GeForce GT 730,1 TB
27484.44,Intel Core i5,1 TB,20 GB,NVIDIA GeForce GT1030,1 TB
21865.21,Intel Core i3,1 TB,8 GB,AMD Radeon RX550,1 TB
30042.16,Intel Core i5,1 TB,36 GB,Dahili Ekran Kartı,1 TB
21070.2,Intel Core i3,256 GB,12 GB,NVIDIA GeForce GT1030,256 GB
22922.65,Intel Core i3,1 TB,36 GB,Nvidia GeForce GT 730,1 TB
38726.18,Intel Core i5,4 TB,32 GB,AMD Radeon RX550,4 TB
34985.98,Intel Core i5,1 TB,24 GB,Nvidia GeForce GTX 1650,1 TB
33538.15,Intel Core i5,1 TB,40 GB,Nvidia GeForce GTX 1650,1 TB
23662.25,Intel Core i3,256 GB,12 GB,AMD Radeon RX550,256 GB
31766.49,Intel Core i5,1 TB,48 GB,NVIDIA GeForce GT1030,1 TB
38422.18,Intel Core i5,2 TB,32 GB,Nvidia GeForce GTX 1650,2 TB
23212.82,Intel Core i3,512 GB,36 GB,Nvidia GeForce GT 730,512 GB
23569.25,Intel Core i3,1 TB,8 GB,NVIDIA GeForce GT1030,1 TB
35971.19,Intel Core i5,256 GB,64 GB,Nvidia GeForce GTX 1650,256 GB
26264.55,Intel Core i3,2 TB,16 GB,Nvidia GeForce GT 730,2 TB
27377.02,Intel Core i3,2 TB,16 GB,AMD Radeon RX550,2 TB
31777.62,Intel Core i5,1 TB,40 GB,AMD Radeon RX550,1 TB
22922.65,Intel Core i3,1 TB,32 GB,Nvidia GeForce GT 730,1 TB
30287.24,Intel Core i3,2 TB,40 GB,Nvidia GeForce GT 730,2 TB
31729.56,Intel Core i5,2 TB,12 GB,AMD Radeon RX550,2 TB
28166.09,Intel Core i5,256 GB,40 GB,Nvidia GeForce GT 730,256 GB
28192.68,Intel Core i3,1 TB,40 GB,NVIDIA GeForce GT1030,1 TB
24073.82,Intel Core i5,256 GB,20 GB,Nvidia GeForce GT 730,256 GB
28622.65,Intel Core i5,1 TB,16 GB,Nvidia GeForce GT 730,1 TB
26277.74,Intel Core i5,1 TB,36 GB,Dahili Ekran Kartı,1 TB
35302.82,Intel Core i5,2 TB,64 GB,Nvidia GeForce GT 730,2 TB
27661.01,Intel Core i5,512 GB,32 GB,AMD Radeon RX550,512 GB
38336.3,Intel Core i5,4 TB,12 GB,NVIDIA GeForce GT1030,4 TB
29134.39,Intel Core i5,1 TB,12 GB,AMD Radeon RX550,1 TB
34687.84,Intel Core i5,1 TB,64 GB,Nvidia GeForce GT 730,1 TB
30548.99,Intel Core i5,2 TB,24 GB,Nvidia GeForce GT 730,2 TB
36456.22,Intel Core i5,4 TB,20 GB,Nvidia GeForce GT 730,4 TB
37028.48,Intel Core i5,1 TB,48 GB,Nvidia GeForce GTX 1650,1 TB
30709.2,Intel Core i5,256 GB,64 GB,NVIDIA GeForce GT1030,256 GB
33442.21,Intel Core i3,2 TB,64 GB,AMD Radeon RX550,2 TB
29405.27,Intel Core i3,1 TB,48 GB,AMD Radeon RX550,1 TB
36391.21,Intel Core i5,4 TB,16 GB,NVIDIA GeForce GT1030,4 TB
27706.31,Intel Core i3,2 TB,32 GB,Nvidia GeForce GT 730,2 TB
36433.98,Intel Core i5,4 TB,16 GB,Dahili Ekran Kartı,4 TB
28766.83,Intel Core i5,512 GB,40 GB,Nvidia GeForce GT 730,512 GB
30502.44,Intel Core i5,1 TB,40 GB,AMD Radeon RX550,1 TB
33545.23,Intel Core i5,4 TB,16 GB,Dahili Ekran Kartı,4 TB
27138.24,Intel Core i3,2 TB,36 GB,AMD Radeon RX550,2 TB
31257.87,Intel Core i5,2 TB,40 GB,Dahili Ekran Kartı,2 TB
30064.41,Intel Core i5,1 TB,36 GB,Nvidia GeForce GT 730,1 TB
25689.62,Intel Core i3,1 TB,40 GB,Dahili Ekran Kartı,1 TB
31114.58,Intel Core i5,1 TB,12 GB,AMD Radeon RX550,1 TB
28144.62,Intel Core i3,2 TB,12 GB,NVIDIA GeForce GT1030,2 TB
27497.09,Intel Core i5,1 TB,12 GB,AMD Radeon RX550,1 TB
29816.11,Intel Core i5,2 TB,24 GB,Dahili Ekran Kartı,2 TB
27598.28,Intel Core i5,1 TB,24 GB,Nvidia GeForce GT 730,1 TB
30594.84,Intel Core i5,2 TB,8 GB,Dahili Ekran Kartı,2 TB
31715.32,Intel Core i5,1 TB,16 GB,AMD Radeon RX550,1 TB
24962.65,Intel Core i3,2 TB,48 GB,Dahili Ekran Kartı,2 TB
36638.11,Intel Core i3,4 TB,40 GB,AMD Radeon RX550,4 TB
31818.56,Intel Core i5,2 TB,24 GB,Nvidia GeForce GT 730,2 TB
27220.94,Intel Core i5,1 TB,24 GB,Dahili Ekran Kartı,1 TB
31114.58,Intel Core i5,1 TB,8 GB,AMD Radeon RX550,1 TB
25338.7,Intel Core i5,512 GB,12 GB,AMD Radeon RX550,512 GB
36026.25,Intel Core i3,4 TB,40 GB,NVIDIA GeForce GT1030,4 TB
34657.92,Intel Core i3,4 TB,40 GB,AMD Radeon RX550,4 TB
28103.79,Intel Core i5,512 GB,8 GB,Nvidia GeForce GT 730,512 GB
30064.41,Intel Core i5,1 TB,32 GB,Nvidia GeForce GT 730,1 TB
28866.84,Intel Core i3,1 TB,64 GB,AMD Radeon RX550,1 TB
28021.92,Intel Core i5,1 TB,12 GB,Nvidia GeForce GT 730,1 TB
28206.14,Intel Core i5,256 GB,64 GB,Dahili Ekran Kartı,256 GB
21966.4,Intel Core i3,1 TB,24 GB,Nvidia GeForce GT 730,1 TB
25562.91,Intel Core i5,256 GB,32 GB,Dahili Ekran Kartı,256 GB
31285.46,Intel Core i5,256 GB,8 GB,Nvidia GeForce GTX 1650,256 GB
20600.33,Intel Core i3,1 TB,12 GB,Nvidia GeForce GT 730,1 TB
32944.71,Intel Core i3,4 TB,32 GB,Nvidia GeForce GT 730,4 TB
24262.99,Intel Core i3,512 GB,12 GB,AMD Radeon RX550,512 GB
22349.54,Intel Core i3,512 GB,24 GB,Dahili Ekran Kartı,512 GB
38538.77,Intel Core i5,4 TB,64 GB,Dahili Ekran Kartı,4 TB
24781.84,Intel Core i3,1 TB,20 GB,AMD Radeon RX550,1 TB
32922.46,Intel Core i3,4 TB,32 GB,Dahili Ekran Kartı,4 TB
21957.29,Intel Core i3,2 TB,20 GB,Dahili Ekran Kartı,2 TB
28756.48,Intel Core i3,2 TB,12 GB,AMD Radeon RX550,2 TB
23046.39,Intel Core i3,1 TB,8 GB,Dahili Ekran Kartı,1 TB
38336.3,Intel Core i5,4 TB,8 GB,NVIDIA GeForce GT1030,4 TB
24262.99,Intel Core i3,512 GB,8 GB,AMD Radeon RX550,512 GB
32405.05,Intel Core i5,1 TB,16 GB,Nvidia GeForce GTX 1650,1 TB
33838.8,Intel Core i5,2 TB,48 GB,Dahili Ekran Kartı,2 TB
27503.06,Intel Core i5,256 GB,8 GB,Nvidia GeForce GT 730,256 GB
25500.61,Intel Core i5,256 GB,8 GB,Dahili Ekran Kartı,256 GB
32770.11,Intel Core i5,2 TB,36 GB,AMD Radeon RX550,2 TB
40092.25,Intel Core i5,4 TB,48 GB,AMD Radeon RX550,4 TB
32014.69,Intel Core i3,4 TB,8 GB,AMD Radeon RX550,4 TB
25704.75,Intel Core i3,256 GB,36 GB,AMD Radeon RX550,256 GB
27644.01,Intel Core i3,2 TB,8 GB,Nvidia GeForce GT 730,2 TB
32044.61,Intel Core i5,1 TB,32 GB,Nvidia GeForce GT 730,1 TB
28818.78,Intel Core i3,2 TB,36 GB,AMD Radeon RX550,2 TB
28021.92,Intel Core i5,1 TB,8 GB,Nvidia GeForce GT 730,1 TB
22883.52,Intel Core i3,256 GB,24 GB,AMD Radeon RX550,256 GB
24803.27,Intel Core i3,2 TB,20 GB,NVIDIA GeForce GT1030,2 TB
24863.72,Intel Core i3,256 GB,24 GB,AMD Radeon RX550,256 GB
33081.65,Intel Core i3,4 TB,40 GB,NVIDIA GeForce GT1030,4 TB
37835.69,Intel Core i5,4 TB,8 GB,Nvidia GeForce GT 730,4 TB
29817.0,Intel Core i5,512 GB,16 GB,AMD Radeon RX550,512 GB
30190.14,Intel Core i3,4 TB,20 GB,Nvidia GeForce GT 730,4 TB
26764.38,Intel Core i5,256 GB,48 GB,Dahili Ekran Kartı,256 GB
28143.84,Intel Core i5,256 GB,40 GB,Dahili Ekran Kartı,256 GB
24234.08,Intel Core i3,2 TB,16 GB,Nvidia GeForce GT 730,2 TB
37557.57,Intel Core i5,4 TB,24 GB,NVIDIA GeForce GT1030,4 TB
30186.34,Intel Core i5,256 GB,64 GB,Dahili Ekran Kartı,256 GB
39537.77,Intel Core i5,4 TB,24 GB,NVIDIA GeForce GT1030,4 TB
28614.64,Intel Core i5,2 TB,12 GB,Dahili Ekran Kartı,2 TB
30747.02,Intel Core i5,512 GB,40 GB,Nvidia GeForce GT 730,512 GB
30208.59,Intel Core i5,256 GB,64 GB,Nvidia GeForce GT 730,256 GB
38144.33,Intel Core i5,4 TB,40 GB,Nvidia GeForce GT 730,4 TB
33483.15,Intel Core i3,4 TB,20 GB,Nvidia GeForce GT 730,4 TB
29735.12,Intel Core i5,1 TB,20 GB,AMD Radeon RX550,1 TB
34385.25,Intel Core i5,1 TB,16 GB,Nvidia GeForce GTX 1650,1 TB
32830.35,Intel Core i3,2 TB,64 GB,NVIDIA GeForce GT1030,2 TB
36956.84,Intel Core i5,4 TB,16 GB,NVIDIA GeForce GT1030,4 TB
34595.62,Intel Core i3,4 TB,16 GB,AMD Radeon RX550,4 TB
24351.46,Intel Core i3,256 GB,64 GB,AMD Radeon RX550,256 GB
26977.98,Intel Core i5,256 GB,32 GB,AMD Radeon RX550,256 GB
34310.49,Intel Core i5,2 TB,16 GB,AMD Radeon RX550,2 TB
31258.76,Intel Core i5,512 GB,36 GB,AMD Radeon RX550,512 GB
29237.56,Intel Core i5,1 TB,40 GB,Nvidia GeForce GT 730,1 TB
40466.65,Intel Core i5,4 TB,64 GB,Nvidia GeForce GT 730,4 TB
36626.99,Intel Core i3,4 TB,48 GB,NVIDIA GeForce GT1030,4 TB
33453.15,Intel Core i5,2 TB,40 GB,AMD Radeon RX550,2 TB
27138.24,Intel Core i3,2 TB,32 GB,AMD Radeon RX550,2 TB
26762.04,Intel Core i3,1 TB,20 GB,AMD Radeon RX550,1 TB
29123.72,Intel Core i5,1 TB,36 GB,NVIDIA GeForce GT1030,1 TB
37568.7,Intel Core i5,4 TB,16 GB,AMD Radeon RX550,4 TB
31402.83,Intel Core i3,4 TB,8 GB,NVIDIA GeForce GT1030,4 TB
25255.31,Intel Core i3,256 GB,64 GB,Nvidia GeForce GT 730,256 GB
29686.51,Intel Core i3,2 TB,36 GB,Nvidia GeForce GT 730,2 TB
25498.96,Intel Core i3,2 TB,20 GB,AMD Radeon RX550,2 TB
25522.86,Intel Core i5,256 GB,8 GB,Nvidia GeForce GT 730,256 GB
32855.11,Intel Core i5,1 TB,32 GB,Nvidia GeForce GTX 1650,1 TB
28756.48,Intel Core i3,2 TB,8 GB,AMD Radeon RX550,2 TB
24073.82,Intel Core i5,512 GB,12 GB,Nvidia GeForce GT 730,512 GB
24181.11,Intel Core i3,1 TB,8 GB,AMD Radeon RX550,1 TB
32316.05,Intel Core i5,1 TB,24 GB,AMD Radeon RX550,1 TB
26161.31,Intel Core i3,1 TB,8 GB,AMD Radeon RX550,1 TB
20764.26,Intel Core i3,512 GB,36 GB,Nvidia GeForce GT 730,512 GB
21066.19,Intel Core i3,1 TB,8 GB,Dahili Ekran Kartı,1 TB
36088.55,Intel Core i3,4 TB,64 GB,NVIDIA GeForce GT1030,4 TB
31715.32,Intel Core i5,1 TB,20 GB,AMD Radeon RX550,1 TB
23163.1,Intel Core i5,512 GB,24 GB,Dahili Ekran Kartı,512 GB
32330.29,Intel Core i5,2 TB,16 GB,AMD Radeon RX550,2 TB
32931.03,Intel Core i5,2 TB,24 GB,AMD Radeon RX550,2 TB
29216.26,Intel Core i5,512 GB,8 GB,AMD Radeon RX550,512 GB
26163.64,Intel Core i5,256 GB,40 GB,Dahili Ekran Kartı,256 GB
27706.31,Intel Core i3,2 TB,36 GB,Nvidia GeForce GT 730,2 TB
25322.62,Intel Core i5,512 GB,24 GB,Dahili Ekran Kartı,512 GB
24234.08,Intel Core i3,2 TB,20 GB,Nvidia GeForce GT 730,2 TB
31813.87,Intel Core i5,2 TB,24 GB,AMD Radeon RX550,2 TB
39878.18,Intel Core i5,4 TB,32 GB,Nvidia GeForce GT 730,4 TB
24655.66,Intel Core i5,256 GB,8 GB,AMD Radeon RX550,256 GB
33990.99,Intel Core i5,256 GB,64 GB,Nvidia GeForce GTX 1650,256 GB
31502.95,Intel Core i3,4 TB,20 GB,Nvidia GeForce GT 730,4 TB
33016.47,Intel Core i5,512 GB,48 GB,Intel UHD Graphics 730,512 GB
32415.73,Intel Core i5,512 GB,40 GB,Intel UHD Graphics 730,512 GB
31815.0,Intel Core i5,256 GB,40 GB,Intel UHD Graphics 730,256 GB
32062.79,Intel Core i5,512 GB,48 GB,Intel UHD Graphics 730,Yok
32549.23,Intel Core i5,256 GB,48 GB,Intel UHD Graphics 730,Yok
34228.27,Intel Core i5,4 TB,24 GB,Intel UHD Graphics 730,Yok
24251.86,Intel Core i3,512 GB,20 GB,Intel UHD Graphics 730,Yok
26905.33,Intel Core i3,2 TB,48 GB,Intel UHD Graphics 730,Yok
28065.97,Intel Core i5,256 GB,32 GB,Intel UHD Graphics 730,Yok
30013.69,Intel Core i5,256 GB,36 GB,Intel UHD Graphics 730,Yok
23647.12,Intel Core i3,1 TB,16 GB,Intel UHD Graphics 730,Yok
28522.53,Intel Core i5,1 TB,8 GB,Intel UHD Graphics 730,Yok
32604.29,Intel Core i3,4 TB,24 GB,Intel UHD Graphics 730,Yok
29057.44,Intel Core i5,512 GB,16 GB,Intel UHD Graphics 730,Yok
35895.54,Intel Core i5,4 TB,32 GB,Intel UHD Graphics 730,Yok
34299.37,Intel Core i5,2 TB,24 GB,Intel UHD Graphics 730,Yok
28374.41,Intel Core i5,256 GB,16 GB,Intel UHD Graphics 730,Yok
28144.62,Intel Core i3,2 TB,8 GB,Intel UHD Graphics 730,Yok
22589.83,Intel Core i3,256 GB,36 GB,Intel UHD Graphics 730,Yok
34529.43,Intel Core i5,512 GB,40 GB,Intel UHD Graphics 730,Yok
29267.44,Intel Core i5,256 GB,48 GB,Intel UHD Graphics 730,Yok
29057.44,Intel Core i5,256 GB,24 GB,Intel UHD Graphics 730,Yok
29447.91,Intel Core i3,2 TB,64 GB,Intel UHD Graphics 730,Yok
24392.04,Intel Core i3,512 GB,48 GB,Intel UHD Graphics 730,Yok
26750.92,Intel Core i3,1 TB,24 GB,Intel UHD Graphics 730,Yok
23713.43,Intel Core i3,256 GB,40 GB,Intel UHD Graphics 730,Yok
28003.67,Intel Core i5,256 GB,12 GB,Intel UHD Graphics 730,Yok
31442.37,Intel Core i3,4 TB,24 GB,Intel UHD Graphics 730,Yok
33383.02,Intel Core i3,4 TB,8 GB,Intel UHD Graphics 730,Yok
28522.53,Intel Core i5,1 TB,12 GB,Intel UHD Graphics 730,Yok
30435.15,Intel Core i5,2 TB,16 GB,Intel UHD Graphics 730,Yok
23713.43,Intel Core i3,512 GB,36 GB,Intel UHD Graphics 730,Yok
22016.49,Intel Core i3,256 GB,48 GB,Intel UHD Graphics 730,Yok
29752.11,Intel Core i5,2 TB,8 GB,Intel UHD Graphics 730,Yok
35188.45,Intel Core i5,1 TB,64 GB,Intel UHD Graphics 730,Yok
29022.66,Intel Core i7,512 GB,16 GB,Dahili Ekran Kartı,Belirtilmemiş
25243.67,Intel Core i5,1 TB,16 GB,Dahili Ekran Kartı,Belirtilmemiş
5692.0,Intel Core i7,250 GB,8 GB,Belirtilmemiş,Belirtilmemiş
8857.24,Intel Core i5,256 GB,32 GB,Intel HD Graphics,Yok
9382.31,Intel Core i3,128 GB,8 GB,Dahili Ekran Kartı,128 GB
9758.78,Intel Core i3,256 GB,8 GB,Dahili Ekran Kartı,256 GB
10558.77,Intel Core i5,256 GB,8 GB,Dahili Ekran Kartı,256 GB
7923.49,Intel Core i5,128 GB,8 GB,Dahili Ekran Kartı,128 GB
8064.67,Intel Core i5,256 GB,8 GB,Intel HD Graphics,256 GB
10276.42,Intel Core i5,256 GB,8 GB,Intel HD Graphics,256 GB
8441.14,Intel Core i3,128 GB,8 GB,Intel HD Graphics,128 GB
7970.55,Intel Core i3,512 GB,16 GB,Intel HD Graphics,512 GB
9099.96,Intel Core i3,256 GB,8 GB,Intel HD Graphics,256 GB
9899.95,Intel Core i5,128 GB,8 GB,Intel HD Graphics,128 GB
9994.07,Intel Core i5,512 GB,16 GB,Dahili Ekran Kartı,512 GB
8629.37,Intel Core i5,256 GB,8 GB,Dahili Ekran Kartı,256 GB
7599.9,Intel Core i5,,,Dahili Ekran Kartı,Yok
9662.0,Intel Core i7,256 GB,16 GB,Intel HD Graphics,256 GB
29159.0,Intel Core i7,2 TB,64 GB,Intel UHD Graphics 770,Yok
42996.41,Intel Core i3,4 TB,64 GB,Nvidia GeForce GT 730,Yok
42477.47,Intel Core i5,4 TB,8 GB,AMD Radeon RX550,Yok
42477.47,Intel Core i5,4 TB,12 GB,AMD Radeon RX550,Yok
47790.63,Intel Core i5,4 TB,40 GB,Nvidia GeForce GTX 1650,Yok
9260.84,Intel Core i5,512 GB,16 GB,AMD Radeon RX 550,512 GB
39089.07,Intel Core i5,1 TB,64 GB,AMD Radeon RX550,Yok
25374.74,Intel Core i5,512 GB,40 GB,Dahili Ekran Kartı,Yok
33897.54,AMD Ryzen 3,4 TB,16 GB,AMD Radeon Graphics,Yok
33652.8,Intel Core i3,4 TB,16 GB,Dahili Ekran Kartı,Yok
29700.0,Intel Core i3,4 TB,12 GB,Dahili Ekran Kartı,Yok
29700.0,Intel Core i3,4 TB,8 GB,Dahili Ekran Kartı,Yok
36454.45,AMD Ryzen 3,4 TB,16 GB,AMD Radeon RX550,Yok
36454.45,AMD Ryzen 3,4 TB,20 GB,AMD Radeon RX550,Yok
26854.65,Intel Core i5,256 GB,36 GB,NVIDIA GeForce GT1030,256 GB
30567.81,Intel Core i5,1 TB,32 GB,Nvidia GeForce GT 730,1 TB
24624.54,Intel Core i5,256 GB,20 GB,Intel UHD Graphics 770,256 GB
26854.65,Intel Core i5,256 GB,32 GB,NVIDIA GeForce GT1030,256 GB
19499.0,AMD Ryzen 5,,,Nvidia GeForce GTX1050 Ti,3 TB
53601.21,Intel Core i7,4 TB,64 GB,Dahili Ekran Kartı,Yok
9999.9,Intel Core i5,,,Dahili Ekran Kartı,256 GB
18816.0,Intel Core i5,512 GB,8 GB,Intel HD Graphics,512 GB
34788.07,Intel Core i5,512 GB,36 GB,AMD Radeon RX550,Yok
34788.07,Intel Core i5,512 GB,32 GB,AMD Radeon RX550,Yok
6174.18,Intel Core i5,512 GB,16 GB,Intel HD Graphics,Yok
37279.45,AMD Ryzen 3,4 TB,12 GB,Nvidia GeForce GT 730,Yok
104299.0,Intel Core i7,,,Nvidia RTX A2000,4 TB
98899.0,Intel Core i7,,,Nvidia RTX A2000,4 TB
105499.0,Intel Core i7,,,Nvidia RTX A2000,4 TB
21268.0,Intel Core i7,480 GB,16 GB,AMD Radeon R5 230,64 GB
7786.78,Intel Core i5,512 GB,8 GB,Intel HD Graphics,512 GB
7001.71,Intel Core i5,256 GB,8 GB,Intel HD Graphics,256 GB
25449.0,Intel Core i5,512 GB,16 GB,Intel UHD Graphics 730,Yok
25349.0,Intel Core i5,1 TB,16 GB,Intel UHD Graphics 730,Yok
25049.0,Intel Core i5,512 GB,32 GB,Intel UHD Graphics 730,Yok
13742.0,Intel Core i5,1 TB,8 GB,Intel HD Graphics,1 TB
10971.0,Intel Core i7,,,Intel HD Graphics,256 GB
31066.07,Intel Core i3,4 TB,24 GB,Dahili Ekran Kartı,Yok
199999.0,Intel Core i7,1 TB,32 GB,Nvidia GeForce RTX3060,Yok
19073.0,Intel Core i5,1 TB,32 GB,Intel HD Graphics,1 TB
37499.0,Intel Core i7,2 TB,32 GB,Nvidia GeForce RTX3060,64 GB
25499.95,Intel Core i5,256 GB,8 GB,Intel UHD Graphics 770,Yok
21500.0,Intel Core i5,256 GB,32 GB,Dahili Ekran Kartı,256 GB
65771.36,Intel Core i7,4 TB,64 GB,Nvidia GeForce GTX 1650,Yok
60935.53,Intel Core i7,4 TB,64 GB,AMD Radeon RX550,Yok
23400.0,Intel Core i5,SSD Yok,16 GB,Dahili Ekran Kartı,500 GB
18800.0,Intel Core i7,500 GB,16 GB,Dahili Ekran Kartı,Yok
16312.03,Intel Core i5,1 TB,32 GB,Dahili Ekran Kartı,1 TB
15269.77,Intel Core i5,1 TB,16 GB,Dahili Ekran Kartı,1 TB
13666.0,Intel Core i5,1 TB,16 GB,Intel HD Graphics,1 TB
23902.0,Intel Core i7,1 TB,16 GB,Intel HD Graphics,1 TB
12505.0,Intel Core i5,512 GB,16 GB,Intel HD Graphics,512 GB
6835.0,Intel Core i5,256 GB,8 GB,Intel HD Graphics,256 GB
20633.0,Intel Core i5,1 TB,16 GB,Nvidia GeForce GTX 750,1 TB
24169.95,AMD Ryzen 3,256 GB,48 GB,AMD Radeon Graphics,Yok
24689.05,AMD Ryzen 3,1 TB,24 GB,AMD Radeon Graphics,Yok
30927.44,AMD Ryzen 3,1 TB,64 GB,Nvidia GeForce GT 730,Yok
26492.26,AMD Ryzen 3,512 GB,64 GB,AMD Radeon Graphics,Yok
26063.97,AMD Ryzen 3,1 TB,16 GB,AMD Radeon Graphics,Yok
24006.02,AMD Ryzen 3,1 TB,16 GB,AMD Radeon Graphics,Yok
25645.3,AMD Ryzen 3,1 TB,32 GB,AMD Radeon Graphics,Yok
20023.0,Intel Core i7,1 TB,16 GB,Intel HD Graphics,1 TB
33430.86,Intel Core i5,,,NVIDIA GeForce GT1030,Yok
32999.99,Intel Core i7,512 GB,8 GB,NVIDIA GeForce GT1030,Yok
32999.99,Intel Core i7,2 TB,8 GB,Intel UHD Graphics 770,Yok
28999.99,Intel Core i7,512 GB,8 GB,Intel UHD Graphics 770,Yok
7699.0,Intel Core i5,512 GB,16 GB,Dahili Ekran Kartı,512 GB
11154.0,Intel Core i5,256 GB,8 GB,Intel HD Graphics,256 GB
11426.0,Intel Core i7,512 GB,8 GB,Intel HD Graphics,512 GB
10808.0,Intel Core i7,256 GB,8 GB,Intel HD Graphics,256 GB
11393.0,Intel Core i7,256 GB,16 GB,Intel HD Graphics,256 GB
11727.0,Intel Core i3,512 GB,16 GB,Intel HD Graphics,512 GB
5095.61,Intel Core i7,,,Intel HD Graphics,256 GB
19702.0,Intel Core i5,1 TB,16 GB,Intel HD Graphics,1 TB
11509.71,Intel Core i5,256 GB,8 GB,Nvidia GeForce GT 520M,Yok
16939.22,Intel Core i5,512 GB,16 GB,Nvidia GeForce GTX1650 Ti,512 GB
25019.0,Intel Core i5,512 GB,16 GB,Intel Iris Graphics,Yok
46299.0,Intel Core i5,4 TB,64 GB,Nvidia RTX A2000,Belirtilmemiş
60968.11,Intel Core i7,4 TB,36 GB,Nvidia GeForce GTX 1650,Yok
57032.18,Intel Core i7,4 TB,32 GB,NVIDIA GeForce GT1030,Yok
38873.54,Intel Core i5,4 TB,8 GB,NVIDIA GeForce GT1030,Yok
20117.0,Intel Core i5,1 TB,32 GB,Intel HD Graphics,1 TB
6499.0,Intel Core i5,,,AMD Radeon R5 230,500 GB
6649.0,Intel Core i5,120 GB,8 GB,AMD Radeon R5,Yok
10452.91,Intel Core i5,128 GB,8 GB,Belirtilmemiş,500 GB
9796.87,Intel Core i7,240 GB,8 GB,Belirtilmemiş,500 GB
10015.55,Intel Core i5,128 GB,4 GB,Belirtilmemiş,320 GB
10234.23,Intel Core i5,128 GB,8 GB,Belirtilmemiş,320 GB
10321.71,Intel Core i7,240 GB,16 GB,Belirtilmemiş,500 GB
41499.99,Intel Core i5,4 TB,48 GB,Intel UHD Graphics 770,Yok
8349.0,Intel Core i5,,,AMD Radeon RX 550,256 GB
10249.0,Intel Core i3,,,Nvidia GeForce GT 730,16 GB
9999.0,Intel Core i3,,,Nvidia GeForce GT 730,16 GB
9499.0,Intel Core i7,,,Nvidia GeForce GT 730,Yok
9149.0,Intel Core i5,,,AMD Radeon R5,500 GB
76293.82,AMD Ryzen 7,1 TB,32 GB,Nvidia GeForce RTX 4070,1 TB
7410.86,Intel Core i3,256 GB,16 GB,Intel HD Graphics,Yok
18118.44,Intel Core i7,512 GB,16 GB,Nvidia GeForce GTX1650 Ti,512 GB
24999.99,Intel Core i5,1 TB,16 GB,Intel UHD Graphics 770,Yok
25499.99,Intel Core i5,512 GB,16 GB,Intel UHD Graphics 770,Yok
22499.99,Intel Core i5,512 GB,16 GB,Intel UHD Graphics 770,Yok
24999.99,Intel Core i5,512 GB,8 GB,Intel UHD Graphics 770,Yok
25439.89,Intel Core i3,512 GB,24 GB,Dahili Ekran Kartı,Yok
24073.82,Intel Core i3,256 GB,20 GB,Dahili Ekran Kartı,Yok
33984.76,Intel Core i3,1 TB,24 GB,NVIDIA GeForce GT1030,Yok
23963.14,Intel Core i3,256 GB,12 GB,Dahili Ekran Kartı,Yok
63969.16,Intel Core i7,4 TB,48 GB,Nvidia GeForce GTX 1650,Yok
64192.85,Intel Core i7,4 TB,64 GB,Nvidia GeForce GTX 1650,Yok
28230.72,AMD Ryzen 3,1 TB,24 GB,AMD Radeon RX550,Yok
21594.65,Intel Core i3,512 GB,16 GB,Nvidia GeForce GT 730,Yok
26668.71,AMD Ryzen 3,512 GB,20 GB,NVIDIA GeForce GT1030,Yok
25567.36,AMD Ryzen 3,256 GB,20 GB,Nvidia GeForce GT 730,Yok
25080.66,AMD Ryzen 3,256 GB,32 GB,Nvidia GeForce GT 730,Yok
26145.85,AMD Ryzen 3,512 GB,16 GB,AMD Radeon Graphics,Yok
21594.65,Intel Core i3,512 GB,20 GB,Nvidia GeForce GT 730,Yok
20911.62,Intel Core i3,256 GB,20 GB,Nvidia GeForce GT 730,Yok
35143.03,AMD Ryzen 3,2 TB,64 GB,AMD Radeon RX550,Yok
24706.26,AMD Ryzen 3,256 GB,16 GB,AMD Radeon RX550,Yok
30990.88,Intel Core i3,2 TB,36 GB,AMD Radeon RX550,Yok
21847.63,AMD Ryzen 3,256 GB,24 GB,AMD Radeon Graphics,Yok
26145.85,AMD Ryzen 3,512 GB,20 GB,AMD Radeon Graphics,Yok
28711.2,AMD Ryzen 3,256 GB,48 GB,NVIDIA GeForce GT1030,Yok
23564.91,AMD Ryzen 3,256 GB,20 GB,AMD Radeon Graphics,Yok
28491.28,AMD Ryzen 3,1 TB,32 GB,NVIDIA GeForce GT1030,Yok
22530.66,AMD Ryzen 3,512 GB,24 GB,AMD Radeon Graphics,Yok
20274.12,Intel Core i3,256 GB,36 GB,Dahili Ekran Kartı,Yok
9929.2,Intel Core i7,512 GB,16 GB,Intel HD Graphics,Yok
8918.27,Intel Core i7,512 GB,16 GB,Intel HD Graphics,Yok
9968.0,Intel Core i5,1 TB,16 GB,Intel HD Graphics,1 TB
5536.92,Intel Core i7,256 GB,8 GB,Intel HD Graphics,Yok
63130.09,Intel Core i7,1 TB,32 GB,Nvidia GeForce RTX 4060Ti,1 TB
34499.95,Intel Core i5,2 TB,8 GB,Intel UHD Graphics 770,Yok
7625.0,Intel Core i5,,,Intel HD Graphics,256 GB
8699.0,Intel Core i5,256 GB,16 GB,Intel HD Graphics,256 GB
10799.0,Intel Core i5,,,Nvidia GeForce GT 730,1 TB
29999.99,Intel Xeon,,,AMD Radeon RX 570,
11149.0,Intel Core i5,,,Nvidia GeForce GT 730,1 TB
10899.0,Intel Core i7,,,Nvidia GeForce GT 730,
43194.36,Intel Core i5,4 TB,48 GB,Nvidia GeForce GT 730,4 TB
42303.89,Intel Core i5,4 TB,64 GB,Dahili Ekran Kartı,4 TB
49511.05,Intel Core i7,1 TB,36 GB,NVIDIA GeForce GT1030,1 TB
48981.95,Intel Core i7,1 TB,24 GB,Nvidia GeForce GT 730,1 TB
49511.05,Intel Core i7,1 TB,32 GB,NVIDIA GeForce GT1030,1 TB
43581.04,Intel Core i5,4 TB,64 GB,Nvidia GeForce GTX 1650,Yok
35761.93,Intel Core i5,4 TB,16 GB,AMD Radeon RX550,Yok
37515.85,Intel Core i5,4 TB,20 GB,Nvidia GeForce GTX 1650,Yok
38666.1,Intel Core i5,4 TB,36 GB,Nvidia GeForce GT 730,Yok
34400.93,Intel Core i5,4 TB,20 GB,Nvidia GeForce GT 730,Yok
4618.0,Intel Core i5,256 GB,16 GB,Intel HD Graphics,256 GB
36499.6,Intel Core i7,512 GB,16 GB,Nvidia GeForce RTX 4090Ti,5 TB
5176.0,Intel Core i5,,,Intel HD Graphics,256 GB
28149.0,Intel Core i5,512 GB,32 GB,Intel UHD Graphics 730,Yok
19731.0,Intel Core i5,512 GB,8 GB,Intel HD Graphics,512 GB
43215.6,Intel Core i3,4 TB,36 GB,AMD Radeon RX550,Yok
42103.13,Intel Core i3,4 TB,36 GB,Nvidia GeForce GT 730,Yok
42521.42,Intel Core i3,4 TB,64 GB,Dahili Ekran Kartı,Yok
43215.6,Intel Core i3,4 TB,32 GB,AMD Radeon RX550,Yok
42374.57,Intel Core i3,4 TB,24 GB,AMD Radeon RX550,Yok
41818.33,Intel Core i3,4 TB,24 GB,NVIDIA GeForce GT1030,Yok
42766.16,Intel Core i3,4 TB,64 GB,Nvidia GeForce GT 730,Yok
41773.84,Intel Core i3,4 TB,20 GB,AMD Radeon RX550,Yok
44417.07,Intel Core i3,4 TB,48 GB,AMD Radeon RX550,Yok
43860.83,Intel Core i3,4 TB,48 GB,NVIDIA GeForce GT1030,Yok
43979.75,Intel Core i5,1 TB,64 GB,Nvidia GeForce GTX 1650,Yok
42537.99,Intel Core i5,1 TB,48 GB,Nvidia GeForce GTX 1650,Yok
42489.93,Intel Core i5,2 TB,20 GB,Nvidia GeForce GTX 1650,Yok
42070.14,Intel Core i5,2 TB,36 GB,Nvidia GeForce GTX 1650,Yok
42753.17,Intel Core i5,2 TB,40 GB,Nvidia GeForce GTX 1650,Yok
42463.23,Intel Core i5,2 TB,48 GB,AMD Radeon RX550,Yok
45133.16,Intel Core i5,2 TB,48 GB,Nvidia GeForce GTX 1650,Yok
44594.73,Intel Core i5,2 TB,64 GB,Nvidia GeForce GTX 1650,Yok
41924.8,Intel Core i5,2 TB,64 GB,AMD Radeon RX550,Yok
42081.43,Intel Core i5,512 GB,64 GB,Nvidia GeForce GTX 1650,Yok
42070.14,Intel Core i5,2 TB,32 GB,Nvidia GeForce GTX 1650,Yok
46574.93,Intel Core i5,2 TB,64 GB,Nvidia GeForce GTX 1650,Yok
44833.65,Intel Core i3,4 TB,64 GB,AMD Radeon RX550,Yok
48212.62,Intel Core i7,4 TB,12 GB,Dahili Ekran Kartı,Yok
51943.18,Intel Core i7,4 TB,48 GB,Dahili Ekran Kartı,Yok
38124.93,Intel Core i3,4 TB,16 GB,AMD Radeon RX550,4 TB
57967.38,Intel Core i7,4 TB,8 GB,NVIDIA GeForce GT1030,4 TB
53329.99,Intel Core i7,4 TB,12 GB,NVIDIA GeForce GT1030,4 TB
53329.99,Intel Core i7,4 TB,8 GB,NVIDIA GeForce GT1030,4 TB
57967.38,Intel Core i7,4 TB,12 GB,NVIDIA GeForce GT1030,4 TB
56576.16,Intel Core i7,4 TB,8 GB,NVIDIA GeForce GT1030,4 TB
56576.16,Intel Core i7,4 TB,12 GB,NVIDIA GeForce GT1030,4 TB
50068.35,Intel Core i7,4 TB,64 GB,Nvidia GeForce GT 730,Yok
45423.71,Intel Core i7,4 TB,20 GB,Nvidia GeForce GT 730,Yok
47029.51,Intel Core i7,4 TB,24 GB,Dahili Ekran Kartı,Yok
50498.55,Intel Core i7,4 TB,36 GB,Nvidia GeForce GT 730,Yok
49521.36,Intel Core i7,4 TB,48 GB,Dahili Ekran Kartı,Yok
46357.87,Intel Core i7,4 TB,32 GB,Dahili Ekran Kartı,Yok
48739.6,Intel Core i7,4 TB,16 GB,Nvidia GeForce GT 730,Yok
46688.59,Intel Core i7,4 TB,20 GB,AMD Radeon RX550,Yok
46688.59,Intel Core i7,4 TB,16 GB,AMD Radeon RX550,Yok
46106.75,Intel Core i7,4 TB,24 GB,Nvidia GeForce GT 730,Yok
47063.0,Intel Core i7,4 TB,36 GB,Nvidia GeForce GT 730,Yok
49472.5,Intel Core i7,4 TB,24 GB,Nvidia GeForce GT 730,Yok
46296.62,Intel Core i7,4 TB,20 GB,Dahili Ekran Kartı,Yok
48429.07,Intel Core i7,4 TB,48 GB,Nvidia GeForce GT 730,Yok
45423.71,Intel Core i7,4 TB,16 GB,Nvidia GeForce GT 730,Yok
45469.25,Intel Core i7,4 TB,40 GB,Dahili Ekran Kartı,Yok
51437.82,Intel Core i7,4 TB,48 GB,AMD Radeon RX550,Yok
48327.01,Intel Core i7,4 TB,20 GB,AMD Radeon RX550,Yok
47017.74,Intel Core i7,4 TB,16 GB,Nvidia GeForce GT 730,Yok
48714.55,Intel Core i7,4 TB,32 GB,Nvidia GeForce GT 730,Yok
44786.21,Intel Core i7,4 TB,36 GB,Dahili Ekran Kartı,Yok
43146.93,Intel Core i7,4 TB,16 GB,Dahili Ekran Kartı,Yok
45992.91,Intel Core i7,4 TB,20 GB,NVIDIA GeForce GT1030,Yok
48055.57,Intel Core i7,4 TB,36 GB,Dahili Ekran Kartı,Yok
52414.54,Intel Core i7,4 TB,64 GB,NVIDIA GeForce GT1030,Yok
48739.6,Intel Core i7,4 TB,20 GB,Nvidia GeForce GT 730,Yok
48313.91,Intel Core i7,4 TB,24 GB,NVIDIA GeForce GT1030,Yok
41965.18,AMD Ryzen 3,4 TB,64 GB,Nvidia GeForce GT 730,Yok
40185.78,Intel Core i5,4 TB,16 GB,Nvidia GeForce GTX 1650,4 TB
44786.21,Intel Core i7,4 TB,32 GB,NVIDIA GeForce GT1030,Yok
36443.43,Intel Core i5,4 TB,40 GB,NVIDIA GeForce GT1030,Yok
21899.89,Intel Core i3,256 GB,8 GB,Intel UHD Graphics 730,Yok
9598.41,Intel Core i5,,,Intel HD Graphics,256 GB
10820.0,Intel Core i5,256 GB,16 GB,Intel HD Graphics,256 GB
16701.0,Intel Core i5,256 GB,16 GB,Intel HD Graphics,256 GB
56863.89,Intel Core i7,4 TB,64 GB,Dahili Ekran Kartı,Yok
58262.18,Intel Core i7,4 TB,64 GB,Dahili Ekran Kartı,Yok
54368.94,Intel Core i7,4 TB,64 GB,Nvidia GeForce GTX 1650,Yok
53321.56,Intel Core i7,4 TB,48 GB,AMD Radeon RX550,Yok
54334.04,Intel Core i7,4 TB,64 GB,NVIDIA GeForce GT1030,Yok
56578.87,Intel Core i7,4 TB,48 GB,Nvidia GeForce GTX 1650,Yok
56276.87,Intel Core i7,4 TB,64 GB,Nvidia GeForce GTX 1650,Yok
53134.63,Intel Core i7,4 TB,64 GB,AMD Radeon RX550,Yok
54580.06,Intel Core i7,4 TB,48 GB,Nvidia GeForce GTX 1650,Yok
55080.51,Intel Core i7,4 TB,64 GB,AMD Radeon RX550,Yok
53723.3,Intel Core i7,4 TB,64 GB,Nvidia GeForce GT 730,Yok
33600.51,Intel Core i5,2 TB,20 GB,Nvidia GeForce GTX 1650,Yok
33887.42,Intel Core i5,1 TB,20 GB,Nvidia GeForce GTX 1650,Yok
37145.62,Intel Core i5,2 TB,48 GB,Nvidia GeForce GTX 1650,Yok
88920.0,AMD Ryzen 9,,,Nvidia GeForce RTX 3080,Yok
81174.0,AMD Ryzen 9,,,Nvidia GeForce RTX 3080,Yok
15414.57,Intel Core i5,256 GB,16 GB,Intel HD Graphics,256 GB
36444.97,Intel Core i5,,,Nvidia GeForce GT 730,Yok
11202.0,Intel Core i5,512 GB,16 GB,Nvidia Geforce GT 740,512 GB
16055.0,Intel Core i5,512 GB,8 GB,Intel HD Graphics,512 GB
5999.0,Intel Core i3,,,Intel HD Graphics,Yok
11182.0,Intel Core i7,512 GB,16 GB,Intel HD Graphics,512 GB
11322.0,Intel Core i7,512 GB,16 GB,Intel HD Graphics,512 GB
3258.0,Intel Core i3,,,Intel HD Graphics,8 GB
20500.0,Intel Core i5,256 GB,16 GB,Dahili Ekran Kartı,256 GB
30149.0,Intel Core i7,2 TB,64 GB,Intel UHD Graphics 770,Yok
35055.07,Intel Core i5,256 GB,36 GB,Nvidia GeForce GT 730,Yok
35415.51,Intel Core i5,256 GB,16 GB,Nvidia GeForce GTX 1650,Yok
35447.23,Intel Core i5,2 TB,12 GB,Nvidia GeForce GT 730,Yok
39820.0,Intel Core i5,2 TB,16 GB,AMD Radeon RX550,Yok
35611.3,Intel Core i5,256 GB,32 GB,NVIDIA GeForce GT1030,Yok
27808.37,Intel Core i5,512 GB,8 GB,Dahili Ekran Kartı,Yok
38169.1,Intel Core i5,2 TB,32 GB,Nvidia GeForce GT 730,Yok
40705.53,Intel Core i5,2 TB,32 GB,NVIDIA GeForce GT1030,Yok
38169.1,Intel Core i5,2 TB,36 GB,Nvidia GeForce GT 730,Yok
37644.07,Intel Core i5,512 GB,40 GB,Nvidia GeForce GTX 1650,Yok
38769.83,Intel Core i5,2 TB,40 GB,Nvidia GeForce GT 730,Yok
36857.27,Intel Core i5,256 GB,32 GB,Nvidia GeForce GTX 1650,Yok
34214.04,Intel Core i5,512 GB,16 GB,Nvidia GeForce GT 730,Yok
35415.51,Intel Core i5,256 GB,20 GB,Nvidia GeForce GTX 1650,Yok
34643.9,Intel Core i5,1 TB,12 GB,AMD Radeon RX550,Yok
35326.51,Intel Core i5,512 GB,16 GB,AMD Radeon RX550,Yok
34770.28,Intel Core i5,256 GB,24 GB,NVIDIA GeForce GT1030,Yok
39820.0,Intel Core i5,2 TB,20 GB,AMD Radeon RX550,Yok
39281.57,Intel Core i5,2 TB,36 GB,AMD Radeon RX550,Yok
30287.54,Intel Core i5,256 GB,12 GB,NVIDIA GeForce GT1030,Yok
29655.1,Intel Core i5,256 GB,8 GB,Nvidia GeForce GT 730,Yok
35655.8,Intel Core i5,512 GB,32 GB,Nvidia GeForce GT 730,Yok
41480.7,Intel Core i5,256 GB,64 GB,Nvidia GeForce GTX 1650,Yok
36016.24,Intel Core i5,512 GB,20 GB,Nvidia GeForce GTX 1650,Yok
36167.54,Intel Core i5,256 GB,36 GB,AMD Radeon RX550,Yok
36167.54,Intel Core i5,256 GB,32 GB,AMD Radeon RX550,Yok
37395.71,Intel Core i5,256 GB,16 GB,Nvidia GeForce GTX 1650,Yok
40509.73,Intel Core i5,2 TB,20 GB,Nvidia GeForce GTX 1650,Yok
33675.6,Intel Core i5,512 GB,36 GB,Nvidia GeForce GT 730,Yok
34276.34,Intel Core i5,512 GB,40 GB,Nvidia GeForce GT 730,Yok
39882.3,Intel Core i5,2 TB,40 GB,AMD Radeon RX550,Yok
30919.97,Intel Core i5,256 GB,8 GB,AMD Radeon RX550,Yok
37395.71,Intel Core i5,256 GB,20 GB,Nvidia GeForce GTX 1650,Yok
35447.23,Intel Core i5,2 TB,8 GB,Nvidia GeForce GT 730,Yok
33947.05,Intel Core i5,512 GB,24 GB,AMD Radeon RX550,Yok
35611.3,Intel Core i5,256 GB,36 GB,NVIDIA GeForce GT1030,Yok
40149.29,Intel Core i5,2 TB,36 GB,Nvidia GeForce GT 730,Yok
36016.24,Intel Core i5,512 GB,16 GB,Nvidia GeForce GTX 1650,Yok
32834.58,Intel Core i5,512 GB,24 GB,Nvidia GeForce GT 730,Yok
35055.07,Intel Core i5,256 GB,32 GB,Nvidia GeForce GT 730,Yok
34814.77,Intel Core i5,512 GB,24 GB,Nvidia GeForce GT 730,Yok
35371.01,Intel Core i5,512 GB,24 GB,NVIDIA GeForce GT1030,Yok
35655.8,Intel Core i5,512 GB,36 GB,Nvidia GeForce GT 730,Yok
33531.43,Intel Core i5,1 TB,8 GB,Nvidia GeForce GT 730,Yok
36857.27,Intel Core i5,256 GB,36 GB,Nvidia GeForce GTX 1650,Yok
41110.47,Intel Core i5,2 TB,24 GB,Nvidia GeForce GTX 1650,Yok
62467.32,Intel Core i7,4 TB,32 GB,Nvidia GeForce GTX 1650,Yok
58476.26,Intel Core i7,4 TB,12 GB,Nvidia GeForce GTX 1650,Yok
38391.92,AMD Ryzen 3,4 TB,8 GB,AMD Radeon RX550,Yok
38925.58,Intel Core i5,2 TB,36 GB,Nvidia GeForce GTX 1650,Yok
33831.35,Intel Core i5,256 GB,36 GB,Nvidia GeForce GTX 1650,Yok
36166.98,Intel Core i3,4 TB,8 GB,AMD Radeon RX550,Yok
38391.92,AMD Ryzen 3,4 TB,12 GB,AMD Radeon RX550,Yok
36411.73,AMD Ryzen 3,4 TB,12 GB,AMD Radeon RX550,Yok
37279.45,AMD Ryzen 3,4 TB,8 GB,Nvidia GeForce GT 730,Yok
21640.19,Intel Core i3,256 GB,48 GB,Dahili Ekran Kartı,Yok
33052.62,Intel Core i5,512 GB,40 GB,Nvidia GeForce GTX 1650,Yok
35799.87,AMD Ryzen 3,4 TB,8 GB,NVIDIA GeForce GT1030,Yok
21476.26,Intel Core i3,1 TB,16 GB,Dahili Ekran Kartı,Yok
36411.73,AMD Ryzen 3,4 TB,8 GB,AMD Radeon RX550,Yok
26004.01,Intel Core i5,256 GB,8 GB,Intel UHD Graphics 770,256 GB
24624.54,Intel Core i5,512 GB,12 GB,Intel UHD Graphics 770,512 GB
38925.58,Intel Core i5,2 TB,32 GB,Nvidia GeForce GT 730,2 TB
31120.48,Intel Core i5,,,Nvidia GeForce GT 730,2 TB
31751.03,Intel Core i5,512 GB,40 GB,NVIDIA GeForce GT1030,512 GB
34055.86,Intel Core i5,2 TB,12 GB,Nvidia GeForce GT 730,2 TB
26526.87,Intel Core i5,256 GB,12 GB,NVIDIA GeForce GT1030,256 GB
37546.11,Intel Core i5,2 TB,40 GB,Nvidia GeForce GTX 1650,2 TB
34432.08,Intel Core i5,512 GB,32 GB,Nvidia GeForce GTX 1650,512 GB
31098.23,Intel Core i5,2 TB,8 GB,Intel UHD Graphics 770,2 TB
34055.86,Intel Core i5,2 TB,8 GB,Nvidia GeForce GT 730,2 TB
33591.06,Intel Core i5,512 GB,24 GB,Nvidia GeForce GTX 1650,512 GB
41499.78,Intel Core i5,1 TB,48 GB,Intel UHD Graphics 730,Yok
37699.78,Intel Core i5,2 TB,32 GB,Intel UHD Graphics 730,Yok
23500.0,Intel Core i7,256 GB,8 GB,Nvidia GeForce GT 730,Belirtilmemiş
72472.0,Intel Core i9,1 TB,64 GB,NVIDIA RTX A2000,Yok
14751.0,Intel Core i7,256 GB,16 GB,Intel HD Graphics,512 GB
14355.0,Intel Core i5,256 GB,8 GB,Intel HD Graphics,512 GB
39878.18,Intel Core i3,4 TB,32 GB,Dahili Ekran Kartı,Yok
26724.33,Intel Core i3,512 GB,20 GB,Dahili Ekran Kartı,Yok
38436.42,Intel Core i3,4 TB,16 GB,Dahili Ekran Kartı,Yok
36456.22,Intel Core i3,4 TB,16 GB,Dahili Ekran Kartı,Yok
26232.21,Intel Core i3,1 TB,8 GB,Dahili Ekran Kartı,Yok
38301.18,Intel Core i3,4 TB,12 GB,NVIDIA GeForce GT1030,Yok
40623.5,Intel Core i3,4 TB,32 GB,NVIDIA GeForce GT1030,Yok
41217.6,Intel Core i3,4 TB,20 GB,NVIDIA GeForce GT1030,Yok
41324.4,Intel Core i3,4 TB,48 GB,Nvidia GeForce GT 730,Yok
40679.16,Intel Core i3,4 TB,32 GB,NVIDIA GeForce GT1030,Yok
39667.25,Intel Core i3,4 TB,24 GB,NVIDIA GeForce GT1030,Yok
38984.21,Intel Core i3,4 TB,16 GB,NVIDIA GeForce GT1030,Yok
39991.06,Intel Core i3,4 TB,32 GB,Nvidia GeForce GT 730,Yok
39237.4,Intel Core i3,4 TB,16 GB,NVIDIA GeForce GT1030,Yok
39281.9,Intel Core i3,4 TB,24 GB,Nvidia GeForce GT 730,Yok
40394.37,Intel Core i3,4 TB,24 GB,AMD Radeon RX550,Yok
39616.65,Intel Core i3,4 TB,16 GB,AMD Radeon RX550,Yok
35138.98,Intel Core i3,4 TB,12 GB,Dahili Ekran Kartı,Yok
40299.69,Intel Core i3,4 TB,24 GB,AMD Radeon RX550,Yok
40623.5,Intel Core i3,4 TB,36 GB,NVIDIA GeForce GT1030,Yok
35138.98,Intel Core i3,4 TB,8 GB,Dahili Ekran Kartı,Yok
38681.17,Intel Core i3,4 TB,20 GB,Nvidia GeForce GT 730,Yok
39878.18,Intel Core i3,4 TB,36 GB,Dahili Ekran Kartı,Yok
38498.72,Intel Core i3,4 TB,40 GB,Dahili Ekran Kartı,Yok
38144.33,Intel Core i3,4 TB,40 GB,Dahili Ekran Kartı,Yok
39793.64,Intel Core i3,4 TB,16 GB,AMD Radeon RX550,Yok
41255.94,Intel Core i3,4 TB,36 GB,AMD Radeon RX550,Yok
38984.21,Intel Core i3,4 TB,20 GB,NVIDIA GeForce GT1030,Yok
38933.62,Intel Core i3,4 TB,12 GB,AMD Radeon RX550,Yok
37897.99,Intel Core i3,4 TB,32 GB,Dahili Ekran Kartı,Yok
38587.39,Intel Core i5,2 TB,64 GB,Dahili Ekran Kartı,Yok
36074.09,Intel Core i5,512 GB,64 GB,Dahili Ekran Kartı,Yok
32051.4,Intel Core i5,256 GB,48 GB,Dahili Ekran Kartı,Yok
35103.13,Intel Core i5,2 TB,24 GB,Dahili Ekran Kartı,Yok
31306.49,Intel Core i5,1 TB,12 GB,Dahili Ekran Kartı,Yok
29966.76,Intel Core i5,1 TB,12 GB,Dahili Ekran Kartı,Yok
30008.9,Intel Core i5,256 GB,24 GB,Dahili Ekran Kartı,Yok
31388.36,Intel Core i5,256 GB,16 GB,Dahili Ekran Kartı,Yok
32830.13,Intel Core i5,256 GB,36 GB,Dahili Ekran Kartı,Yok
34632.33,Intel Core i5,512 GB,48 GB,Dahili Ekran Kartı,Yok
31989.1,Intel Core i5,512 GB,20 GB,Dahili Ekran Kartı,Yok
36544.89,Intel Core i5,2 TB,40 GB,Dahili Ekran Kartı,Yok
36762.71,Intel Core i5,2 TB,20 GB,NVIDIA GeForce GT1030,Yok
32189.34,Intel Core i5,256 GB,16 GB,NVIDIA GeForce GT1030,Yok
36668.6,Intel Core i5,1 TB,16 GB,NVIDIA GeForce GT1030,Yok
38401.99,Intel Core i5,2 TB,36 GB,NVIDIA GeForce GT1030,Yok
30338.13,Intel Core i5,256 GB,16 GB,Nvidia GeForce GT 730,Yok
40753.59,Intel Core i5,1 TB,64 GB,NVIDIA GeForce GT1030,Yok
40197.35,Intel Core i5,1 TB,64 GB,Nvidia GeForce GT 730,Yok
35451.28,Intel Core i5,1 TB,32 GB,NVIDIA GeForce GT1030,Yok
32286.04,Intel Core i5,512 GB,20 GB,AMD Radeon RX550,Yok
39119.43,Intel Core i5,1 TB,36 GB,Nvidia GeForce GTX 1650,Yok
40038.94,Intel Core i5,256 GB,48 GB,Nvidia GeForce GTX 1650,Yok
37369.01,Intel Core i5,256 GB,48 GB,AMD Radeon RX550,Yok
36130.27,Intel Core i5,2 TB,20 GB,Nvidia GeForce GT 730,Yok
38110.36,Intel Core i5,1 TB,36 GB,NVIDIA GeForce GT1030,Yok
33346.31,Intel Core i5,256 GB,24 GB,AMD Radeon RX550,Yok
33925.33,Intel Core i5,512 GB,36 GB,AMD Radeon RX550,Yok
38327.11,Intel Core i5,512 GB,48 GB,Nvidia GeForce GTX 1650,Yok
33242.29,Intel Core i5,256 GB,36 GB,AMD Radeon RX550,Yok
37769.55,Intel Core i5,2 TB,36 GB,Nvidia GeForce GT 730,Yok
36274.34,Intel Core i5,256 GB,64 GB,NVIDIA GeForce GT1030,Yok
36130.16,Intel Core i5,1 TB,36 GB,NVIDIA GeForce GT1030,Yok
33128.96,Intel Core i5,1 TB,8 GB,NVIDIA GeForce GT1030,Yok
31653.6,Intel Core i5,512 GB,16 GB,NVIDIA GeForce GT1030,Yok
36930.68,Intel Core i5,512 GB,64 GB,AMD Radeon RX550,Yok
36298.24,Intel Core i5,512 GB,64 GB,NVIDIA GeForce GT1030,Yok
34832.57,Intel Core i5,256 GB,48 GB,NVIDIA GeForce GT1030,Yok
31977.41,Intel Core i5,256 GB,36 GB,Nvidia GeForce GT 730,Yok
38217.15,Intel Core i5,1 TB,64 GB,Nvidia GeForce GT 730,Yok
37698.3,Intel Core i5,256 GB,64 GB,Nvidia GeForce GT 730,Yok
36278.0,Intel Core i5,256 GB,36 GB,Nvidia GeForce GTX 1650,Yok
37283.57,Intel Core i5,2 TB,20 GB,NVIDIA GeForce GT1030,Yok
39267.33,Intel Core i5,1 TB,40 GB,AMD Radeon RX550,Yok
41336.52,Intel Core i5,1 TB,36 GB,Nvidia GeForce GTX 1650,Yok
36762.71,Intel Core i5,2 TB,16 GB,NVIDIA GeForce GT1030,Yok
34638.72,Intel Core i5,256 GB,16 GB,Nvidia GeForce GTX 1650,Yok
39311.83,Intel Core i5,1 TB,48 GB,NVIDIA GeForce GT1030,Yok
35665.8,Intel Core i5,512 GB,64 GB,Nvidia GeForce GT 730,Yok
32496.52,Intel Core i5,1 TB,8 GB,Nvidia GeForce GT 730,Yok
40557.79,Intel Core i5,1 TB,48 GB,Nvidia GeForce GTX 1650,Yok
41309.82,Intel Core i5,1 TB,64 GB,AMD Radeon RX550,Yok
35573.92,Intel Core i5,1 TB,32 GB,Nvidia GeForce GT 730,Yok
34982.77,Intel Core i5,256 GB,64 GB,Nvidia GeForce GT 730,Yok
41113.89,Intel Core i5,2 TB,24 GB,Nvidia GeForce GTX 1650,Yok
41336.52,Intel Core i5,1 TB,32 GB,Nvidia GeForce GTX 1650,Yok
39356.32,Intel Core i5,1 TB,32 GB,Nvidia GeForce GTX 1650,Yok
37445.74,Intel Core i5,2 TB,24 GB,NVIDIA GeForce GT1030,Yok
36130.16,Intel Core i5,1 TB,32 GB,NVIDIA GeForce GT1030,Yok
34732.9,Intel Core i5,1 TB,24 GB,Nvidia GeForce GT 730,Yok
32233.84,Intel Core i5,512 GB,20 GB,Nvidia GeForce GT 730,Yok
34688.4,Intel Core i5,1 TB,16 GB,NVIDIA GeForce GT1030,Yok
35321.75,Intel Core i5,512 GB,16 GB,Nvidia GeForce GTX 1650,Yok
39802.46,Intel Core i5,1 TB,40 GB,Nvidia GeForce GTX 1650,Yok
37224.83,Intel Core i5,1 TB,20 GB,AMD Radeon RX550,Yok
36174.66,Intel Core i5,1 TB,40 GB,Nvidia GeForce GT 730,Yok
32609.85,Intel Core i5,256 GB,36 GB,NVIDIA GeForce GT1030,Yok
34608.36,Intel Core i5,512 GB,40 GB,AMD Radeon RX550,Yok
31021.17,Intel Core i5,512 GB,20 GB,Nvidia GeForce GT 730,Yok
39717.46,Intel Core i5,2 TB,40 GB,AMD Radeon RX550,Yok
39411.5,Intel Core i5,512 GB,64 GB,AMD Radeon RX550,Yok
33925.33,Intel Core i5,512 GB,32 GB,AMD Radeon RX550,Yok
33343.48,Intel Core i5,512 GB,40 GB,Nvidia GeForce GT 730,Yok
30338.13,Intel Core i5,256 GB,20 GB,Nvidia GeForce GT 730,Yok
32790.08,Intel Core i5,256 GB,24 GB,NVIDIA GeForce GT1030,Yok
38707.53,Intel Core i5,2 TB,16 GB,Nvidia GeForce GT 730,Yok
37480.14,Intel Core i5,1 TB,16 GB,Nvidia GeForce GTX 1650,Yok
34132.16,Intel Core i5,1 TB,20 GB,Nvidia GeForce GT 730,Yok
39283.36,Intel Core i5,256 GB,64 GB,Nvidia GeForce GTX 1650,Yok
34132.16,Intel Core i5,1 TB,16 GB,Nvidia GeForce GT 730,Yok
36961.04,Intel Core i5,256 GB,40 GB,Nvidia GeForce GTX 1650,Yok
36727.33,Intel Core i5,2 TB,20 GB,Nvidia GeForce GT 730,Yok
38666.59,Intel Core i5,1 TB,32 GB,AMD Radeon RX550,Yok
38515.3,Intel Core i5,1 TB,24 GB,Nvidia GeForce GTX 1650,Yok
38711.09,Intel Core i5,1 TB,40 GB,NVIDIA GeForce GT1030,Yok
38707.53,Intel Core i5,2 TB,20 GB,Nvidia GeForce GT 730,Yok
35321.75,Intel Core i5,512 GB,20 GB,Nvidia GeForce GTX 1650,Yok
37839.8,Intel Core i5,2 TB,16 GB,AMD Radeon RX550,Yok
35845.37,Intel Core i5,1 TB,24 GB,AMD Radeon RX550,Yok
40812.33,Intel Core i5,2 TB,64 GB,Nvidia GeForce GT 730,Yok
36727.33,Intel Core i5,2 TB,16 GB,Nvidia GeForce GT 730,Yok
39356.32,Intel Core i5,1 TB,36 GB,Nvidia GeForce GTX 1650,Yok
39966.39,Intel Core i5,512 GB,64 GB,Nvidia GeForce GTX 1650,Yok
39034.43,Intel Core i5,2 TB,32 GB,AMD Radeon RX550,Yok
39263.77,Intel Core i5,2 TB,20 GB,NVIDIA GeForce GT1030,Yok
31021.17,Intel Core i5,256 GB,24 GB,Nvidia GeForce GT 730,Yok
31603.01,Intel Core i5,256 GB,16 GB,AMD Radeon RX550,Yok
31603.01,Intel Core i5,256 GB,20 GB,AMD Radeon RX550,Yok
37395.15,Intel Core i5,2 TB,16 GB,AMD Radeon RX550,Yok
38254.53,Intel Core i5,256 GB,64 GB,NVIDIA GeForce GT1030,Yok
35573.92,Intel Core i5,1 TB,36 GB,Nvidia GeForce GT 730,Yok
36686.39,Intel Core i5,1 TB,36 GB,AMD Radeon RX550,Yok
34169.54,Intel Core i5,256 GB,16 GB,NVIDIA GeForce GT1030,Yok
34688.4,Intel Core i5,1 TB,20 GB,NVIDIA GeForce GT1030,Yok
37413.51,Intel Core i5,512 GB,48 GB,NVIDIA GeForce GT1030,Yok
37914.56,Intel Core i5,1 TB,20 GB,Nvidia GeForce GTX 1650,Yok
39119.43,Intel Core i5,1 TB,32 GB,Nvidia GeForce GTX 1650,Yok
38659.47,Intel Core i5,512 GB,48 GB,Nvidia GeForce GTX 1650,Yok
40774.9,Intel Core i5,2 TB,64 GB,Nvidia GeForce GT 730,Yok
33346.31,Intel Core i5,512 GB,16 GB,AMD Radeon RX550,Yok
38755.59,Intel Core i5,1 TB,48 GB,Nvidia GeForce GT 730,Yok
39768.06,Intel Core i5,2 TB,48 GB,NVIDIA GeForce GT1030,Yok
35615.21,Intel Core i5,256 GB,64 GB,NVIDIA GeForce GT1030,Yok
32969.08,Intel Core i5,512 GB,24 GB,AMD Radeon RX550,Yok
32745.58,Intel Core i5,256 GB,16 GB,AMD Radeon RX550,Yok
31021.17,Intel Core i5,512 GB,16 GB,Nvidia GeForce GT 730,Yok
36812.77,Intel Core i5,256 GB,48 GB,NVIDIA GeForce GT1030,Yok
31977.41,Intel Core i5,256 GB,32 GB,Nvidia GeForce GT 730,Yok
35388.81,Intel Core i5,256 GB,48 GB,AMD Radeon RX550,Yok
37269.33,Intel Core i5,1 TB,24 GB,NVIDIA GeForce GT1030,Yok
32496.52,Intel Core i5,1 TB,12 GB,Nvidia GeForce GT 730,Yok
36247.65,Intel Core i5,256 GB,64 GB,AMD Radeon RX550,Yok
28525.31,Intel Core i5,1 TB,12 GB,Nvidia GeForce GT 730,Yok
33052.62,Intel Core i5,256 GB,48 GB,Nvidia GeForce GTX 1650,Yok
37457.11,Intel Core i5,2 TB,48 GB,AMD Radeon RX550,Yok
28607.19,Intel Core i5,256 GB,20 GB,Nvidia GeForce GT 730,Yok
30586.05,Intel Core i5,256 GB,36 GB,Nvidia GeForce GTX 1650,Yok
30048.95,Intel Core i5,256 GB,36 GB,Nvidia GeForce GT 730,Yok
25826.01,Intel Core i5,512 GB,24 GB,Dahili Ekran Kartı,Yok
31161.42,Intel Core i5,256 GB,32 GB,AMD Radeon RX550,Yok
32451.89,Intel Core i5,512 GB,36 GB,Nvidia GeForce GTX 1650,Yok
26667.04,Intel Core i5,256 GB,40 GB,Dahili Ekran Kartı,Yok
26072.33,AMD Ryzen 3,512 GB,24 GB,AMD Radeon RX550,Yok
278999.99,Intel Core i9,2 TB,128 GB,Intel HD Graphics,2 TB
27227.72,Intel Core i5,512 GB,16 GB,Nvidia GeForce GT 730,Yok
28525.31,Intel Core i5,1 TB,8 GB,Nvidia GeForce GT 730,Yok
26626.99,Intel Core i5,256 GB,16 GB,Nvidia GeForce GT 730,Yok
32321.95,Intel Core i5,2 TB,24 GB,Nvidia GeForce GT 730,Yok
34350.21,Intel Core i5,1 TB,32 GB,Nvidia GeForce GTX 1650,Yok
25215.37,Intel Core i5,512 GB,8 GB,NVIDIA GeForce GT1030,Yok
38992.66,AMD Ryzen 3,4 TB,16 GB,AMD Radeon RX550,Yok
35032.82,Intel Core i5,256 GB,48 GB,Nvidia GeForce GTX 1650,Yok
31160.53,Intel Core i5,2 TB,36 GB,Dahili Ekran Kartı,Yok
28940.93,Intel Core i5,512 GB,24 GB,AMD Radeon RX550,Yok
41097.45,AMD Ryzen 3,4 TB,64 GB,AMD Radeon RX550,Yok
36845.26,Intel Core i5,2 TB,48 GB,NVIDIA GeForce GT1030,Yok
29107.8,Intel Core i5,256 GB,20 GB,NVIDIA GeForce GT1030,Yok
35339.3,AMD Ryzen 3,4 TB,32 GB,AMD Radeon Graphics,Yok
30505.51,Intel Core i5,1 TB,12 GB,Nvidia GeForce GT 730,Yok
76999.99,Intel Xeon,1 TB,128 GB,Dahili Ekran Kartı,1 TB
31006.12,Intel Core i5,1 TB,12 GB,NVIDIA GeForce GT1030,Yok
35094.56,Intel Core i3,4 TB,36 GB,Dahili Ekran Kartı,Yok
31976.78,Intel Core i3,4 TB,8 GB,Nvidia GeForce GT 730,Yok
35388.25,Intel Core i3,4 TB,24 GB,AMD Radeon RX550,Yok
31824.45,Intel Core i5,256 GB,64 GB,AMD Radeon RX550,Yok
35940.04,AMD Ryzen 3,4 TB,40 GB,AMD Radeon Graphics,Yok
27739.46,Intel Core i5,256 GB,16 GB,AMD Radeon RX550,Yok
34186.78,Intel Core i3,4 TB,12 GB,AMD Radeon RX550,Yok
34275.78,Intel Core i3,4 TB,24 GB,Nvidia GeForce GT 730,Yok
27478.49,Intel Core i5,2 TB,12 GB,Dahili Ekran Kartı,Yok
34787.52,Intel Core i3,4 TB,16 GB,AMD Radeon RX550,Yok
39593.39,AMD Ryzen 3,4 TB,24 GB,AMD Radeon RX550,Yok
38209.48,Intel Core i3,4 TB,36 GB,AMD Radeon RX550,Yok
31020.15,Intel Core i5,2 TB,8 GB,AMD Radeon RX550,Yok
33329.82,Intel Core i5,2 TB,40 GB,NVIDIA GeForce GT1030,Yok
28069.44,Intel Core i5,1 TB,12 GB,AMD Radeon RX550,Yok
34498.28,AMD Ryzen 3,4 TB,24 GB,AMD Radeon Graphics,Yok
35414.62,Intel Core i5,2 TB,24 GB,NVIDIA GeForce GT1030,Yok
35643.79,Intel Core i5,2 TB,36 GB,NVIDIA GeForce GT1030,Yok
28669.49,Intel Core i5,256 GB,40 GB,Nvidia GeForce GT 730,Yok
34025.51,Intel Core i5,2 TB,40 GB,AMD Radeon RX550,Yok
34950.94,Intel Core i5,1 TB,40 GB,Nvidia GeForce GTX 1650,Yok
37511.89,AMD Ryzen 3,4 TB,40 GB,Nvidia GeForce GT 730,Yok
37097.01,Intel Core i3,4 TB,36 GB,Nvidia GeForce GT 730,Yok
35877.74,AMD Ryzen 3,4 TB,16 GB,AMD Radeon Graphics,Yok
27806.21,Intel Core i5,512 GB,24 GB,Dahili Ekran Kartı,Yok
26066.3,Intel Core i5,256 GB,36 GB,Dahili Ekran Kartı,Yok
37097.01,Intel Core i3,4 TB,32 GB,Nvidia GeForce GT 730,Yok
35095.12,Intel Core i5,512 GB,64 GB,Nvidia GeForce GTX 1650,Yok
33653.35,Intel Core i5,512 GB,48 GB,Nvidia GeForce GTX 1650,Yok
38498.61,Intel Core i7,1 TB,32 GB,Dahili Ekran Kartı,Yok
35655.25,Intel Core i3,4 TB,16 GB,Nvidia GeForce GT 730,Yok
34302.15,Intel Core i5,2 TB,24 GB,Nvidia GeForce GT 730,Yok
37012.46,AMD Ryzen 3,4 TB,16 GB,AMD Radeon RX550,Yok
30649.68,Intel Core i5,512 GB,32 GB,Nvidia GeForce GT 730,Yok
33114.36,Intel Core i3,4 TB,36 GB,Dahili Ekran Kartı,Yok
35717.54,Intel Core i3,4 TB,40 GB,Nvidia GeForce GT 730,Yok
35771.42,AMD Ryzen 3,4 TB,8 GB,AMD Radeon RX550,Yok
36478.47,AMD Ryzen 3,4 TB,24 GB,AMD Radeon Graphics,Yok
39822.56,AMD Ryzen 3,4 TB,36 GB,NVIDIA GeForce GT1030,Yok
34506.54,AMD Ryzen 3,4 TB,8 GB,Nvidia GeForce GT 730,Yok
28607.19,Intel Core i5,256 GB,16 GB,Nvidia GeForce GT 730,Yok
29781.96,Intel Core i5,256 GB,40 GB,AMD Radeon RX550,Yok
39962.73,AMD Ryzen 3,4 TB,64 GB,AMD Radeon Graphics,Yok
31680.28,Intel Core i5,1 TB,36 GB,AMD Radeon RX550,Yok
29207.92,Intel Core i5,512 GB,16 GB,Nvidia GeForce GT 730,Yok
36945.38,Intel Core i5,2 TB,32 GB,Nvidia GeForce GTX 1650,Yok
26604.74,Intel Core i5,256 GB,20 GB,Dahili Ekran Kartı,Yok
35503.62,Intel Core i5,2 TB,16 GB,Nvidia GeForce GTX 1650,Yok
34405.38,Intel Core i5,512 GB,64 GB,AMD Radeon RX550,Yok
29170.1,Intel Core i5,256 GB,40 GB,NVIDIA GeForce GT1030,Yok
33296.81,AMD Ryzen 3,4 TB,8 GB,AMD Radeon Graphics,Yok
35299.26,AMD Ryzen 3,4 TB,12 GB,Nvidia GeForce GT 730,Yok
34506.54,AMD Ryzen 3,4 TB,12 GB,Nvidia GeForce GT 730,Yok
35655.25,Intel Core i3,4 TB,20 GB,Nvidia GeForce GT 730,Yok
30921.13,Intel Core i5,512 GB,24 GB,AMD Radeon RX550,Yok
27639.76,AMD Ryzen 3,2 TB,24 GB,AMD Radeon Graphics,Yok
38081.09,AMD Ryzen 3,4 TB,40 GB,NVIDIA GeForce GT1030,Yok
33192.79,Intel Core i5,256 GB,64 GB,NVIDIA GeForce GT1030,Yok
35899.99,AMD Ryzen 3,4 TB,20 GB,Nvidia GeForce GT 730,Yok
34813.88,Intel Core i5,2 TB,20 GB,AMD Radeon RX550,Yok
29181.22,Intel Core i5,256 GB,36 GB,AMD Radeon RX550,Yok
36229.28,Intel Core i3,4 TB,32 GB,AMD Radeon RX550,Yok
35116.81,Intel Core i3,4 TB,36 GB,Nvidia GeForce GT 730,Yok
36993.44,Intel Core i5,1 TB,64 GB,Nvidia GeForce GTX 1650,Yok
24023.81,Intel Core i5,256 GB,12 GB,Dahili Ekran Kartı,Yok
33715.1,Intel Core i3,4 TB,40 GB,Dahili Ekran Kartı,Yok
28340.19,Intel Core i5,512 GB,20 GB,AMD Radeon RX550,Yok
38776.77,AMD Ryzen 3,4 TB,40 GB,AMD Radeon RX550,Yok
31617.98,Intel Core i5,1 TB,12 GB,AMD Radeon RX550,Yok
36400.6,AMD Ryzen 3,4 TB,20 GB,NVIDIA GeForce GT1030,Yok
25911.05,Intel Core i5,512 GB,8 GB,AMD Radeon RX550,Yok
31105.15,Intel Core i5,1 TB,8 GB,Nvidia GeForce GTX 1650,Yok
36255.98,Intel Core i3,4 TB,24 GB,Nvidia GeForce GT 730,Yok
39740.24,Intel Core i3,4 TB,64 GB,Nvidia GeForce GT 730,Yok
33074.31,Intel Core i3,4 TB,12 GB,Nvidia GeForce GT 730,Yok
33052.06,Intel Core i3,4 TB,8 GB,Dahili Ekran Kartı,Yok
41024.03,AMD Ryzen 3,4 TB,48 GB,NVIDIA GeForce GT1030,Yok
38480.92,AMD Ryzen 3,4 TB,24 GB,Nvidia GeForce GT 730,Yok
40523.42,AMD Ryzen 3,4 TB,48 GB,Nvidia GeForce GT 730,Yok
33074.31,Intel Core i3,4 TB,8 GB,Nvidia GeForce GT 730,Yok
37613.19,AMD Ryzen 3,4 TB,24 GB,AMD Radeon RX550,Yok
36830.01,Intel Core i3,4 TB,40 GB,AMD Radeon RX550,Yok
41035.15,AMD Ryzen 3,4 TB,40 GB,AMD Radeon RX550,Yok
37920.24,AMD Ryzen 3,4 TB,40 GB,AMD Radeon Graphics,Yok
39922.68,AMD Ryzen 3,4 TB,40 GB,Nvidia GeForce GT 730,Yok
37942.49,AMD Ryzen 3,4 TB,40 GB,Nvidia GeForce GT 730,Yok
35771.42,AMD Ryzen 3,4 TB,12 GB,AMD Radeon RX550,Yok
34787.52,Intel Core i3,4 TB,20 GB,AMD Radeon RX550,Yok
35075.74,AMD Ryzen 3,4 TB,12 GB,NVIDIA GeForce GT1030,Yok
35116.81,Intel Core i3,4 TB,32 GB,Nvidia GeForce GT 730,Yok
27011.37,AMD Ryzen 3,1 TB,48 GB,AMD Radeon Graphics,Yok
32229.76,AMD Ryzen 3,4 TB,8 GB,AMD Radeon Graphics,Yok
33052.06,Intel Core i3,4 TB,12 GB,Dahili Ekran Kartı,Yok
36767.72,Intel Core i3,4 TB,16 GB,AMD Radeon RX550,Yok
38093.74,AMD Ryzen 3,4 TB,32 GB,AMD Radeon RX550,Yok
40852.71,Intel Core i3,4 TB,64 GB,AMD Radeon RX550,Yok
37319.5,AMD Ryzen 3,4 TB,32 GB,AMD Radeon Graphics,Yok
38454.22,AMD Ryzen 3,4 TB,32 GB,AMD Radeon RX550,Yok
38093.74,AMD Ryzen 3,4 TB,36 GB,AMD Radeon RX550,Yok
39655.69,AMD Ryzen 3,4 TB,48 GB,AMD Radeon RX550,Yok
39984.98,AMD Ryzen 3,4 TB,64 GB,Nvidia GeForce GT 730,Yok
35421.93,Intel Core i5,2 TB,24 GB,Nvidia GeForce GTX 1650,2 TB
38146.85,Intel Core i5,2 TB,48 GB,Nvidia GeForce GTX 1650,2 TB
36255.65,Intel Core i5,2 TB,32 GB,AMD Radeon RX550,2 TB
37483.81,Intel Core i5,2 TB,20 GB,Nvidia GeForce GTX 1650,2 TB
34275.45,Intel Core i5,2 TB,36 GB,AMD Radeon RX550,2 TB
26066.3,Intel Core i5,256 GB,32 GB,Intel UHD Graphics 770,256 GB
40127.04,Intel Core i5,2 TB,48 GB,Nvidia GeForce GTX 1650,2 TB
39383.54,Intel Core i5,2 TB,64 GB,Nvidia GeForce GTX 1650,2 TB
27739.46,Intel Core i5,256 GB,20 GB,AMD Radeon RX550,256 GB
29118.03,Intel Core i5,2 TB,8 GB,Intel UHD Graphics 770,2 TB
34350.21,Intel Core i5,1 TB,36 GB,Nvidia GeForce GTX 1650,1 TB
32822.56,Intel Core i5,2 TB,24 GB,NVIDIA GeForce GT1030,2 TB
38084.55,Intel Core i5,2 TB,24 GB,Nvidia GeForce GTX 1650,2 TB
30320.39,Intel Core i5,512 GB,16 GB,AMD Radeon RX550,512 GB
30549.56,Intel Core i5,256 GB,32 GB,NVIDIA GeForce GT1030,256 GB
30505.51,Intel Core i5,1 TB,8 GB,Nvidia GeForce GT 730,1 TB
26522.86,Intel Core i5,1 TB,8 GB,Intel UHD Graphics 770,1 TB
29719.66,Intel Core i5,256 GB,16 GB,AMD Radeon RX550,256 GB
26604.74,Intel Core i5,256 GB,16 GB,Intel UHD Graphics 770,256 GB
32760.63,Intel Core i5,2 TB,40 GB,Nvidia GeForce GT 730,2 TB
29719.66,Intel Core i5,256 GB,20 GB,AMD Radeon RX550,256 GB
29708.53,Intel Core i5,512 GB,20 GB,NVIDIA GeForce GT1030,512 GB
31168.54,Intel Core i5,1 TB,40 GB,Nvidia GeForce GT 730,1 TB
30649.68,Intel Core i5,256 GB,40 GB,Nvidia GeForce GT 730,256 GB
29770.83,Intel Core i5,512 GB,40 GB,NVIDIA GeForce GT1030,512 GB
32908.44,Intel Core i5,1 TB,20 GB,Nvidia GeForce GTX 1650,1 TB
31068.42,Intel Core i5,1 TB,32 GB,NVIDIA GeForce GT1030,1 TB
28669.49,Intel Core i5,512 GB,36 GB,Nvidia GeForce GT 730,512 GB
29708.53,Intel Core i5,256 GB,24 GB,NVIDIA GeForce GT1030,256 GB
28647.24,Intel Core i5,512 GB,32 GB,Intel UHD Graphics 770,512 GB
29247.97,Intel Core i5,512 GB,40 GB,Intel UHD Graphics 770,512 GB
31150.3,Intel Core i5,256 GB,40 GB,NVIDIA GeForce GT1030,256 GB
33763.71,Intel Core i5,2 TB,40 GB,Nvidia GeForce GT 730,2 TB
35743.91,Intel Core i5,2 TB,40 GB,Nvidia GeForce GT 730,2 TB
30320.39,Intel Core i5,256 GB,24 GB,AMD Radeon RX550,256 GB
35633.55,Intel Core i5,512 GB,48 GB,Nvidia GeForce GTX 1650,512 GB
29181.22,Intel Core i5,256 GB,32 GB,AMD Radeon RX550,256 GB
36255.65,Intel Core i5,2 TB,36 GB,AMD Radeon RX550,2 TB
31010.12,Intel Core i5,512 GB,20 GB,Nvidia GeForce GTX 1650,512 GB
27127.6,Intel Core i5,256 GB,20 GB,NVIDIA GeForce GT1030,256 GB
29207.92,Intel Core i5,256 GB,24 GB,Nvidia GeForce GT 730,256 GB
33162.98,Intel Core i5,2 TB,32 GB,Nvidia GeForce GT 730,2 TB
33509.18,Intel Core i5,1 TB,24 GB,Nvidia GeForce GTX 1650,1 TB
34888.64,Intel Core i5,1 TB,20 GB,Nvidia GeForce GTX 1650,1 TB
31290.47,Intel Core i5,512 GB,64 GB,Intel UHD Graphics 770,512 GB
32221.83,Intel Core i5,2 TB,16 GB,NVIDIA GeForce GT1030,2 TB
34274.43,Intel Core i5,512 GB,64 GB,Nvidia GeForce GTX 1650,512 GB
29718.77,Intel Core i5,2 TB,16 GB,Intel UHD Graphics 770,2 TB
38898.88,Intel Core i5,2 TB,64 GB,AMD Radeon RX550,2 TB
27127.6,Intel Core i5,256 GB,16 GB,NVIDIA GeForce GT1030,256 GB
32386.22,Intel Core i5,2 TB,24 GB,AMD Radeon RX550,2 TB
29118.03,Intel Core i5,2 TB,12 GB,Intel UHD Graphics 770,2 TB
31068.42,Intel Core i5,1 TB,36 GB,NVIDIA GeForce GT1030,1 TB
33342.47,Intel Core i5,2 TB,32 GB,AMD Radeon RX550,2 TB
30048.95,Intel Core i5,256 GB,32 GB,Nvidia GeForce GT 730,256 GB
37483.81,Intel Core i5,2 TB,16 GB,Nvidia GeForce GT 730,2 TB
31851.15,Intel Core i5,512 GB,48 GB,Nvidia GeForce GT 730,512 GB
32207.59,Intel Core i5,1 TB,24 GB,NVIDIA GeForce GT1030,1 TB
28916.41,Intel Core i5,512 GB,40 GB,AMD Radeon RX550,512 GB
31250.42,Intel Core i5,512 GB,40 GB,Nvidia GeForce GT 730,512 GB
30312.83,Intel Core i5,,,Nvidia GeForce GTX 1650,512 GB
29207.92,Intel Core i5,512 GB,20 GB,Nvidia GeForce GT 730,512 GB
29781.96,Intel Core i5,,,AMD Radeon RX550,512 GB
31020.15,Intel Core i5,2 TB,12 GB,AMD Radeon RX550,2 TB
33793.53,Intel Core i5,512 GB,64 GB,NVIDIA GeForce GT1030,512 GB
31698.97,Intel Core i5,2 TB,16 GB,Intel UHD Graphics 770,2 TB
27478.49,Intel Core i5,2 TB,8 GB,Intel UHD Graphics 770,2 TB
35783.96,Intel Core i5,2 TB,64 GB,Intel UHD Graphics 770,2 TB
31813.33,Intel Core i5,512 GB,64 GB,Nvidia GeForce GT 730,512 GB
32218.71,Intel Core i5,1 TB,20 GB,AMD Radeon RX550,1 TB
37531.87,Intel Core i5,1 TB,48 GB,Nvidia GeForce GTX 1650,1 TB
37786.41,Intel Core i5,2 TB,64 GB,Nvidia GeForce GT 730,2 TB
32990.32,Intel Core i5,512 GB,16 GB,Nvidia GeForce GTX 1650,512 GB
32218.71,Intel Core i5,1 TB,16 GB,AMD Radeon RX550,1 TB
29629.8,Intel Core i5,512 GB,16 GB,Nvidia GeForce GTX 1650,512 GB
36378.18,Intel Core i5,2 TB,32 GB,Nvidia GeForce GTX 1650,2 TB
29718.77,Intel Core i5,2 TB,20 GB,Intel UHD Graphics 770,2 TB
29781.96,Intel Core i5,512 GB,32 GB,AMD Radeon RX550,512 GB
23963.14,Intel Core i5,256 GB,12 GB,Nvidia GeForce GT 730,256 GB
36856.38,Intel Core i5,2 TB,40 GB,AMD Radeon RX550,2 TB
34202.03,Intel Core i5,2 TB,20 GB,NVIDIA GeForce GT1030,2 TB
21686.36,Intel Core i5,256 GB,12 GB,Intel UHD Graphics 770,256 GB
28647.24,Intel Core i5,256 GB,40 GB,Intel UHD Graphics 770,256 GB
31952.12,Intel Core i5,512 GB,40 GB,Nvidia GeForce GTX 1650,512 GB
32819.45,Intel Core i5,1 TB,24 GB,AMD Radeon RX550,1 TB
32281.01,Intel Core i5,1 TB,40 GB,AMD Radeon RX550,1 TB
31762.15,Intel Core i5,512 GB,32 GB,AMD Radeon RX550,512 GB
34738.9,Intel Core i5,2 TB,16 GB,Nvidia GeForce GTX 1650,2 TB
31762.15,Intel Core i5,512 GB,36 GB,AMD Radeon RX550,512 GB
28233.37,Intel Core i5,512 GB,36 GB,Nvidia GeForce GTX 1650,512 GB
31762.15,Intel Core i5,256 GB,40 GB,AMD Radeon RX550,256 GB
25911.05,Intel Core i5,512 GB,12 GB,AMD Radeon RX550,512 GB
31617.98,Intel Core i5,1 TB,8 GB,AMD Radeon RX550,1 TB
32221.83,Intel Core i5,2 TB,20 GB,NVIDIA GeForce GT1030,2 TB
29708.53,Intel Core i5,512 GB,16 GB,NVIDIA GeForce GT1030,512 GB
34876.18,Intel Core i5,2 TB,40 GB,AMD Radeon RX550,2 TB
28233.37,Intel Core i5,512 GB,32 GB,AMD Radeon RX550,512 GB
27205.47,Intel Core i5,256 GB,24 GB,Intel UHD Graphics 770,256 GB
32990.32,Intel Core i5,256 GB,24 GB,Nvidia GeForce GTX 1650,256 GB
33649.35,Intel Core i5,1 TB,40 GB,NVIDIA GeForce GT1030,1 TB
33260.32,Intel Core i3,2 TB,40 GB,Intel UHD Graphics 730,Yok
11833.03,Intel Core i5,,,AMD Radeon RX 550,256 GB
11648.0,Intel Core i7,,,Intel HD Graphics,1 TB
11999.0,Intel Core i7,,,AMD Radeon R7 240,Yok
7999.0,Intel Core i5,,,Dahili Ekran Kartı,320 GB
9999.0,Intel Core i7,,,AMD Radeon RX 550,Yok
15576.71,Intel Core i5,256 GB,16 GB,Nvidia GeForce MX110,Yok
13569.91,Intel Core i5,512 GB,16 GB,Nvidia GeForce MX110,Yok
24461.0,Intel Core i7,1 TB,16 GB,Intel HD Graphics,1 TB
5650.0,Intel Pentium,,,Dahili Ekran Kartı,Yok
78899.49,Intel Core i7,4 TB,96 GB,Nvidia Quadro T1000,Yok
64499.49,Intel Core i7,4 TB,96 GB,AMD Radeon RX 550,Yok
48000.76,Intel Core i7,1 TB,40 GB,AMD Radeon RX550,1 TB
47526.89,Intel Core i7,512 GB,64 GB,NVIDIA GeForce GT1030,512 GB
50718.5,Intel Core i7,4 TB,64 GB,Nvidia GeForce GTX 1650,Yok
49437.21,Intel Core i7,4 TB,20 GB,Nvidia GeForce GT 730,Yok
15499.0,Intel Core i5,1 TB,32 GB,Dahili Ekran Kartı,Yok
43599.49,Intel Core i7,512 GB,64 GB,AMD Radeon RX 550,Yok
43399.49,Intel Core i7,2 TB,48 GB,AMD Radeon RX 550,Yok
48999.49,Intel Core i7,2 TB,64 GB,AMD Radeon RX 550,Yok
48699.49,Intel Core i7,2 TB,48 GB,AMD Radeon RX 550,Yok
42799.49,Intel Core i7,1 TB,32 GB,AMD Radeon RX 550,Yok
44099.49,Intel Core i7,1 TB,32 GB,AMD Radeon RX 550,Yok
43299.49,Intel Core i7,1 TB,24 GB,AMD Radeon RX 550,Yok
52199.49,Intel Core i7,4 TB,32 GB,AMD Radeon RX 550,Yok
51399.49,Intel Core i7,4 TB,24 GB,AMD Radeon RX 550,Yok
44499.49,Intel Core i7,2 TB,24 GB,AMD Radeon RX 550,Yok
42499.49,Intel Core i7,256 GB,64 GB,AMD Radeon RX 550,Yok
44999.49,Intel Core i7,2 TB,64 GB,AMD Radeon RX 550,Yok
51399.49,Intel Core i7,4 TB,64 GB,AMD Radeon RX 550,Yok
43299.49,Intel Core i7,512 GB,48 GB,AMD Radeon RX 550,Yok
45499.49,Intel Core i7,2 TB,16 GB,AMD Radeon RX 550,Yok
45499.49,Intel Core i7,1 TB,64 GB,AMD Radeon RX 550,Yok
43399.49,Intel Core i7,2 TB,12 GB,AMD Radeon RX 550,Yok
43099.49,Intel Core i7,256 GB,64 GB,AMD Radeon RX 550,Yok
44399.49,Intel Core i7,1 TB,48 GB,AMD Radeon RX 550,Yok
41999.49,Intel Core i7,512 GB,48 GB,AMD Radeon RX 550,Yok
42499.49,Intel Core i7,1 TB,16 GB,AMD Radeon RX 550,Yok
51099.49,Intel Core i7,4 TB,12 GB,AMD Radeon RX 550,Yok
50599.49,Intel Core i7,4 TB,16 GB,AMD Radeon RX 550,Yok
47299.49,Intel Core i7,1 TB,64 GB,AMD Radeon RX 550,Yok
44399.49,Intel Core i7,256 GB,64 GB,AMD Radeon RX 550,Yok
44699.49,Intel Core i7,2 TB,12 GB,AMD Radeon RX 550,Yok
41999.49,Intel Core i7,1 TB,64 GB,AMD Radeon RX 550,Yok
41799.49,Intel Core i7,2 TB,32 GB,AMD Radeon RX 550,Yok
48499.49,Intel Core i7,2 TB,64 GB,AMD Radeon RX 550,Yok
42799.49,Intel Core i7,256 GB,48 GB,AMD Radeon RX 550,Yok
41699.49,Intel Core i7,1 TB,12 GB,AMD Radeon RX 550,Yok
47099.49,Intel Core i7,2 TB,32 GB,AMD Radeon RX 550,Yok
49799.49,Intel Core i7,4 TB,12 GB,AMD Radeon RX 550,Yok
44899.49,Intel Core i7,512 GB,64 GB,AMD Radeon RX 550,Yok
52699.49,Intel Core i7,4 TB,24 GB,AMD Radeon RX 550,Yok
50799.49,Intel Core i7,4 TB,24 GB,AMD Radeon RX 550,Yok
41699.49,Intel Core i7,512 GB,32 GB,AMD Radeon RX 550,Yok
65304.12,Intel Core i7,4 TB,40 GB,Nvidia GeForce GTX 1650,4 TB
53709.95,Intel Core i7,1 TB,24 GB,Nvidia GeForce GTX 1650,1 TB
53616.5,Intel Core i7,2 TB,24 GB,AMD Radeon RX550,2 TB
63736.82,Intel Core i7,4 TB,40 GB,Nvidia GeForce GTX 1650,4 TB
53337.27,Intel Core i7,1 TB,64 GB,Nvidia GeForce GT 730,1 TB
56863.89,Intel Core i7,4 TB,64 GB,Intel UHD Graphics 730,4 TB
58221.1,Intel Core i7,4 TB,64 GB,AMD Radeon RX550,4 TB
59719.47,Intel Core i7,4 TB,48 GB,Nvidia GeForce GTX 1650,4 TB
57609.71,Intel Core i7,4 TB,48 GB,Nvidia GeForce GTX 1650,4 TB
8999.0,Intel Core i7,256 GB,16 GB,AMD Radeon RX550,256 GB
11700.0,Intel Core i3,500 GB,32 GB,Dahili Ekran Kartı,1 TB
56699.49,Intel Core i7,4 TB,64 GB,AMD Radeon RX 550,Yok
53499.49,Intel Core i7,4 TB,32 GB,AMD Radeon RX 550,Yok
53199.49,Intel Core i7,4 TB,48 GB,AMD Radeon RX 550,Yok
41889.2,Intel Core i5,2 TB,8 GB,Nvidia GeForce GTX 1650,Yok
43931.69,Intel Core i5,2 TB,36 GB,Nvidia GeForce GTX 1650,Yok
41951.5,Intel Core i5,2 TB,32 GB,Nvidia GeForce GTX 1650,Yok
41889.2,Intel Core i5,2 TB,12 GB,Nvidia GeForce GTX 1650,Yok
43931.69,Intel Core i5,2 TB,32 GB,Nvidia GeForce GTX 1650,Yok
41862.5,Intel Core i5,2 TB,40 GB,AMD Radeon RX550,Yok
44201.21,Intel Core i3,4 TB,64 GB,NVIDIA GeForce GT1030,Yok
45805.99,Intel Core i3,4 TB,64 GB,NVIDIA GeForce GT1030,Yok
42321.73,Intel Core i3,4 TB,24 GB,NVIDIA GeForce GT1030,Yok
42561.92,Intel Core i3,4 TB,48 GB,NVIDIA GeForce GT1030,Yok
41783.29,Intel Core i3,4 TB,40 GB,NVIDIA GeForce GT1030,Yok
43162.75,Intel Core i3,4 TB,36 GB,NVIDIA GeForce GT1030,Yok
43825.79,Intel Core i3,4 TB,64 GB,NVIDIA GeForce GT1030,Yok
43024.81,Intel Core i3,4 TB,64 GB,Dahili Ekran Kartı,Yok
43718.99,Intel Core i3,4 TB,32 GB,AMD Radeon RX550,Yok
42606.52,Intel Core i3,4 TB,32 GB,Nvidia GeForce GT 730,Yok
44382.02,Intel Core i3,4 TB,64 GB,AMD Radeon RX550,Yok
41738.79,Intel Core i3,4 TB,32 GB,AMD Radeon RX550,Yok
43807.99,Intel Core i3,4 TB,48 GB,Nvidia GeForce GT 730,Yok
41828.29,Intel Core i3,4 TB,36 GB,AMD Radeon RX550,Yok
41828.29,Intel Core i3,4 TB,32 GB,AMD Radeon RX550,Yok
43194.36,Intel Core i3,4 TB,48 GB,AMD Radeon RX550,Yok
42940.26,Intel Core i3,4 TB,48 GB,AMD Radeon RX550,Yok
41583.05,Intel Core i3,4 TB,48 GB,Dahili Ekran Kartı,Yok
45249.75,Intel Core i3,4 TB,64 GB,Nvidia GeForce GT 730,Yok
42277.23,Intel Core i3,4 TB,20 GB,AMD Radeon RX550,Yok
42877.96,Intel Core i3,4 TB,24 GB,AMD Radeon RX550,Yok
41765.49,Intel Core i3,4 TB,24 GB,Nvidia GeForce GT 730,Yok
48903.47,Intel Core i7,4 TB,16 GB,Dahili Ekran Kartı,Yok
48714.09,Intel Core i7,2 TB,48 GB,Dahili Ekran Kartı,Yok
49911.98,Intel Core i7,2 TB,48 GB,Dahili Ekran Kartı,Yok
50144.48,Intel Core i7,1 TB,48 GB,NVIDIA GeForce GT1030,Yok
51410.98,Intel Core i7,4 TB,8 GB,NVIDIA GeForce GT1030,Yok
52613.09,Intel Core i7,4 TB,24 GB,Dahili Ekran Kartı,Yok
49843.01,Intel Core i7,1 TB,48 GB,Nvidia GeForce GTX 1650,Yok
52741.49,Intel Core i7,4 TB,20 GB,AMD Radeon RX550,Yok
52693.15,Intel Core i7,2 TB,48 GB,Nvidia GeForce GT 730,Yok
45547.98,Intel Core i7,1 TB,48 GB,Dahili Ekran Kartı,Yok
52405.02,Intel Core i7,4 TB,12 GB,Dahili Ekran Kartı,Yok
50561.49,Intel Core i7,4 TB,36 GB,Dahili Ekran Kartı,Yok
52107.12,Intel Core i7,2 TB,48 GB,NVIDIA GeForce GT1030,Yok
51462.15,Intel Core i7,4 TB,16 GB,Nvidia GeForce GT 730,Yok
51378.57,Intel Core i7,1 TB,64 GB,AMD Radeon RX550,Yok
50771.3,Intel Core i7,4 TB,8 GB,Nvidia GeForce GT 730,Yok
50699.96,Intel Core i7,1 TB,64 GB,NVIDIA GeForce GT1030,Yok
52152.99,Intel Core i7,4 TB,24 GB,Nvidia GeForce GT 730,Yok
49117.37,Intel Core i7,2 TB,48 GB,NVIDIA GeForce GT1030,Yok
49619.62,Intel Core i7,1 TB,48 GB,AMD Radeon RX550,Yok
52101.82,Intel Core i7,4 TB,20 GB,NVIDIA GeForce GT1030,Yok
51462.15,Intel Core i7,4 TB,20 GB,Nvidia GeForce GT 730,Yok
52792.66,Intel Core i7,4 TB,24 GB,NVIDIA GeForce GT1030,Yok
51428.52,Intel Core i7,2 TB,48 GB,Nvidia GeForce GT 730,Yok
52101.82,Intel Core i7,4 TB,16 GB,NVIDIA GeForce GT1030,Yok
52405.02,Intel Core i7,4 TB,8 GB,Dahili Ekran Kartı,Yok
50021.36,Intel Core i7,1 TB,64 GB,Nvidia GeForce GT 730,Yok
42934.57,Intel Core i7,1 TB,48 GB,Dahili Ekran Kartı,Yok
46668.01,Intel Core i7,1 TB,48 GB,Dahili Ekran Kartı,Yok
51410.98,Intel Core i7,4 TB,12 GB,NVIDIA GeForce GT1030,Yok
48327.88,Intel Core i7,4 TB,36 GB,AMD Radeon RX550,Yok
47632.19,Intel Core i7,4 TB,36 GB,NVIDIA GeForce GT1030,Yok
46249.46,Intel Core i7,2 TB,64 GB,NVIDIA GeForce GT1030,Yok
48315.23,Intel Core i7,4 TB,40 GB,NVIDIA GeForce GT1030,Yok
50762.24,Intel Core i7,4 TB,12 GB,Nvidia GeForce GTX 1650,Yok
50023.81,Intel Core i7,4 TB,32 GB,AMD Radeon RX550,Yok
45523.55,Intel Core i7,1 TB,64 GB,AMD Radeon RX550,Yok
42606.03,Intel Core i7,1 TB,64 GB,Nvidia GeForce GT 730,Yok
51946.97,Intel Core i7,2 TB,64 GB,Nvidia GeForce GTX 1650,Yok
43954.05,Intel Core i7,4 TB,12 GB,Dahili Ekran Kartı,Yok
43963.48,Intel Core i7,2 TB,48 GB,Nvidia GeForce GT 730,Yok
45309.87,Intel Core i7,4 TB,8 GB,NVIDIA GeForce GT1030,Yok
24624.54,Intel Core i5,2 TB,24 GB,Nvidia GeForce GTX 1650,Yok
6588.0,Intel Core i5,1 TB,64 GB,NVIDIA GeForce GT1030,Yok
7887.58,Intel Core i5,2 TB,16 GB,Nvidia GeForce GT 730,Yok
40653.02,Intel Core i3,4 TB,64 GB,Dahili Ekran Kartı,Yok
34985.98,Intel Core i5,256 GB,12 GB,Dahili Ekran Kartı,256 GB
9999.0,Intel Core i5,512 GB,64 GB,NVIDIA GeForce GT1030,Yok
34299.37,Intel Core i5,512 GB,64 GB,Nvidia GeForce RTX 4070,Yok
37483.81,Intel Core i7,512 GB,8 GB,Intel HD Graphics,Yok
11649.0,Intel Core i3,4 TB,20 GB,AMD Radeon RX550,512 GB
32138.05,Intel Core i5,1 TB,64 GB,Intel UHD Graphics 770,Yok
38093.74,Intel Core i5,256 GB,48 GB,AMD Radeon RX550,Yok
35152.41,Intel Core i3,1 TB,20 GB,AMD Radeon RX550,512 GB
33652.8,Intel Core i5,1 TB,48 GB,AMD Radeon RX550,512 GB
5999.99,Intel Core i3,2 TB,32 GB,Nvidia GeForce GTX 1650,4 TB
37036.3,Intel Xeon,2 TB,20 GB,NVIDIA GeForce GT1030,1 TB
25439.89,Intel Core i5,2 TB,24 GB,AMD Radeon RX550,2 TB
33430.86,Intel Core i5,256 GB,16 GB,AMD Radeon RX550,512 GB
33296.81,Intel Core i3,4 TB,20 GB,AMD Radeon RX550,512 GB
23190.57,Intel Core i5,4 TB,32 GB,AMD Radeon RX 550,256 GB
22271.67,Intel Core i5,2 TB,40 GB,Nvidia GeForce GT 730,Yok
29999.99,Intel Core i5,512 GB,48 GB,NVIDIA GeForce GT1030,512 GB
21748.8,Intel Core i7,4 TB,32 GB,Intel HD Graphics,Yok
43187.92,Intel Core i7,1 TB,20 GB,Nvidia GeForce GT 730,Yok
36391.21,Intel Core i5,512 GB,24 GB,Nvidia GeForce GT 730,2 TB
29699.0,Intel Core i5,2 TB,40 GB,NVIDIA GeForce GT1030,Yok
29735.12,Intel Core i5,256 GB,24 GB,Intel HD Graphics,4 TB
35557.91,AMD Ryzen 5,4 TB,12 GB,Dahili Ekran Kartı,Yok
38204.14,Intel Core i7,1 TB,64 GB,AMD Radeon RX550,256 GB
34911.23,AMD Ryzen 3,2 TB,12 GB,Dahili Ekran Kartı,2 TB
11455.0,Intel Core i3,4 TB,48 GB,AMD Radeon RX550,2 TB
35138.98,Intel Core i5,2 TB,64 GB,Nvidia GeForce GT 730,1 TB
38941.93,Intel Core i5,1 TB,16 GB,Nvidia GeForce GT 730,512 GB
49843.01,Intel Core i5,4 TB,40 GB,Intel HD Graphics,1 TB
29834.8,AMD Ryzen 3,4 TB,8 GB,NVIDIA GeForce GT1030,Yok
33346.31,Intel Core i3,512 GB,20 GB,Nvidia GeForce GTX 1650,Belirtilmemiş
33052.62,Intel Core i5,4 TB,32 GB,Nvidia GeForce GTX 1650,Yok
33074.31,Intel Core i5,2 TB,64 GB,Nvidia GeForce RTX 4060,1 TB
36442.88,Intel Core i7,512 GB,64 GB,NVIDIA GeForce GT1030,Yok
40881.53,Intel Xeon,256 GB,20 GB,Nvidia GeForce GT 730,512 GB
40705.53,Intel Core i7,4 TB,32 GB,Nvidia GeForce GTX 1650,256 GB
25498.96,Intel Core i3,4 TB,24 GB,Nvidia GeForce GT 730,512 GB
28340.19,Intel Core i3,2 TB,8 GB,NVIDIA GeForce GT1030,Yok
23853.6,Intel Core i5,4 TB,40 GB,AMD Radeon RX550,2 TB
10829.91,Intel Core i5,256 GB,32 GB,Dahili Ekran Kartı,512 GB
36255.65,Intel Core i3,256 GB,32 GB,Nvidia GeForce GT 730,512 GB
42886.31,Intel Core i7,256 GB,8 GB,Intel UHD Graphics 730,Yok
38602.85,Intel Core i3,2 TB,8 GB,Dahili Ekran Kartı,1 TB
30772.62,Intel Core i5,4 TB,24 GB,NVIDIA GeForce GT1030,1 TB
87499.49,Intel Core i5,1 TB,32 GB,Nvidia GeForce GTX 1650,4 TB
31502.95,Intel Core i7,4 TB,16 GB,NVIDIA GeForce GT1030,Yok
49866.78,Intel Core i5,256 GB,40 GB,AMD Radeon RX550,16 GB
26977.98,Intel Core i5,2 TB,36 GB,Nvidia GeForce GT 730,4 TB
42285.57,Intel Core i5,2 TB,64 GB,Nvidia GeForce GT 730,4 TB
53337.27,Intel Core i5,2 TB,40 GB,AMD Radeon Graphics,256 GB
44328.07,Intel Core i3,512 GB,8 GB,Nvidia GeForce GTX 1650,Yok
35138.98,Intel Core i5,512 GB,16 GB,AMD Radeon Graphics,Yok
42886.31,Intel Core i7,256 GB,48 GB,AMD Radeon RX 550,512 GB
15749.0,Intel Core i5,256 GB,20 GB,Intel HD Graphics,Yok
22130.33,Intel Core i3,256 GB,32 GB,Dahili Ekran Kartı,2 TB
27484.44,Intel Core i5,512 GB,40 GB,Nvidia Geforce GT 740,Yok
87499.49,Intel Core i7,256 GB,48 GB,Nvidia GeForce GT 730,Yok
30143.59,Intel Core i5,256 GB,64 GB,AMD Radeon RX550,Yok
38725.67,Intel Core i5,4 TB,40 GB,Intel HD Graphics,Yok
8760.0,Intel Core i7,1 TB,40 GB,Nvidia RTX A2000,3 TB
43945.93,Intel Core i5,4 TB,40 GB,Intel HD Graphics,2 TB
28756.48,Intel Core i7,256 GB,16 GB,NVIDIA GeForce GT1030,4 TB
44137.28,Intel Core i3,256 GB,20 GB,AMD Radeon RX550,1 TB
36126.38,Intel Core i5,256 GB,64 GB,AMD Radeon RX550,1 TB
35708.18,Intel Core i5,512 GB,24 GB,AMD Radeon RX550,4 TB
21594.65,Intel Core i5,1 TB,40 GB,Nvidia GeForce GTX 1650,Yok
20799.0,Intel Core i5,512 GB,8 GB,Nvidia GeForce GT 730,1 TB
23791.3,Intel Core i5,2 TB,48 GB,NVIDIA GeForce GT1030,Yok
29250.0,Intel Core i3,256 GB,48 GB,NVIDIA GeForce GT1030,1 TB
35895.54,Intel Core i5,4 TB,24 GB,NVIDIA GeForce GT1030,4 TB
21748.8,Intel Core i5,4 TB,16 GB,AMD Radeon RX 550,Yok
37531.87,Intel Core i7,512 GB,24 GB,NVIDIA GeForce GT1030,4 TB
32199.0,Intel Core i5,4 TB,32 GB,Nvidia GeForce GT 730,1 TB
34293.03,Intel Core i7,256 GB,20 GB,Dahili Ekran Kartı,1 TB
9999.9,Intel Core i5,2 TB,20 GB,Intel UHD Graphics 770,1 TB
53709.95,Intel Core i5,256 GB,12 GB,Nvidia GeForce GT 730,1 TB
35845.37,Intel Core i3,1 TB,16 GB,NVIDIA GeForce GT1030,2 TB
26750.92,Intel Core i7,4 TB,12 GB,AMD Radeon RX550,1 TB
49843.01,Intel Core i5,4 TB,8 GB,Nvidia GeForce GTX 1650,2 TB
9573.0,Intel Core i5,4 TB,32 GB,Nvidia GeForce GTX 1650,1 TB
9309.43,Intel Core i5,4 TB,24 GB,NVIDIA GeForce GT1030,Yok
17614.5,Intel Core i5,512 GB,16 GB,Nvidia GeForce GTX 1650,1 TB
37795.64,Intel Core i5,4 TB,32 GB,Dahili Ekran Kartı,1 TB
29237.56,Intel Core i5,1 TB,48 GB,Intel HD Graphics,256 GB
25565.96,Intel Core i5,4 TB,24 GB,Dahili Ekran Kartı,256 GB
32207.59,Intel Core i3,1 TB,32 GB,Nvidia RTX A2000,4 TB
22011.94,Intel Core i5,256 GB,40 GB,Nvidia GeForce GT 730,4 TB
7699.0,Intel Core i5,4 TB,16 GB,Nvidia GeForce GT 730,256 GB
8918.27,Intel Core i5,1 TB,16 GB,AMD Radeon RX550,4 TB
28976.49,Intel Core i5,4 TB,32 GB,Dahili Ekran Kartı,512 GB
29834.8,Intel Core i5,240 GB,8 GB,NVIDIA GeForce GT1030,Yok
31603.01,Intel Core i3,1 TB,8 GB,AMD Radeon RX550,500 GB
11376.7,Intel Core i5,1 TB,8 GB,Dahili Ekran Kartı,500 GB
73948.0,Intel Core i5,512 GB,20 GB,AMD Radeon RX550,Yok
26905.33,Intel Core i5,2 TB,32 GB,Intel HD Graphics,Yok
31150.3,Intel Core i5,128 GB,16 GB,AMD Radeon RX550,256 GB
